-- phpMyAdmin SQL Dump
-- version 4.5.4.1deb2ubuntu2.1
-- http://www.phpmyadmin.net
--
-- Host: localhost
-- Generation Time: 14-Mar-2022 às 20:12
-- Versão do servidor: 5.7.33-0ubuntu0.16.04.1
-- PHP Version: 7.0.33-31+ubuntu16.04.1+deb.sury.org+1

SET SQL_MODE = "NO_AUTO_VALUE_ON_ZERO";
SET time_zone = "+00:00";


/*!40101 SET @OLD_CHARACTER_SET_CLIENT=@@CHARACTER_SET_CLIENT */;
/*!40101 SET @OLD_CHARACTER_SET_RESULTS=@@CHARACTER_SET_RESULTS */;
/*!40101 SET @OLD_COLLATION_CONNECTION=@@COLLATION_CONNECTION */;
/*!40101 SET NAMES utf8mb4 */;

--
-- Database: `ACC`
--

-- --------------------------------------------------------

--
-- Estrutura da tabela `aluno`
--

CREATE TABLE `aluno` (
  `semestre` smallint(6) DEFAULT NULL,
  `matricula` varchar(30) DEFAULT NULL
) ENGINE=InnoDB DEFAULT CHARSET=latin1;

-- --------------------------------------------------------

--
-- Estrutura da tabela `atividade`
--

CREATE TABLE `atividade` (
  `codigo` int(11) NOT NULL,
  `descricao` varchar(200) DEFAULT NULL,
  `unidade` varchar(100) DEFAULT NULL,
  `cod_quadro` int(11) DEFAULT NULL,
  `total_horas` float DEFAULT NULL,
  `formula_hr_contabilizar` varchar(5000) DEFAULT NULL,
  `formula_total` varchar(5000) DEFAULT NULL
) ENGINE=InnoDB DEFAULT CHARSET=latin1;

--
-- Extraindo dados da tabela `atividade`
--

INSERT INTO `atividade` (`codigo`, `descricao`, `unidade`, `cod_quadro`, `total_horas`, `formula_hr_contabilizar`, `formula_total`) VALUES
(1, 'Participação em projetos e Programas de pesquisa', 'horas', 1, 90, '$entrada / 4', '$total_horas > $max_hora ? $max_hora : $total_horas'),
(2, 'Publicações em periódicos/anais regionais de trabalhos acadêmicos na área ou áreas afins', 'unidades', 1, 90, '$entrada * 30', ''),
(3, 'Publicações em periódicos/anais nacionais de trabalhos acadêmicos na área ou áreas afins', 'unidades', 1, 90, '$entrada * 40', ''),
(4, 'Publicações em periódicos/anais internacionais de trabalhos acadêmicos na área ou áreas afins', 'unidades', 1, 90, '$entrada * 50', ''),
(5, 'Apresentação de trabalhos em eventos científicos - Pôster', 'unidades', 1, 90, '$entrada * 10', ''),
(6, 'Apresentação de trabalhos em eventos científicos - Apresentação Oral', 'unidades', 1, 90, '$entrada * 20', ''),
(7, 'Apresentação de trabalhos em eventos científicos - Palestra ou Minicurso', 'unidades', 1, 90, '$entrada * 30', ''),
(8, 'Trabalho voluntário vinculado a projetos de pesquisa', 'horas', 1, 90, '$entrada / 6', '$total_horas > $max_hora ? $max_hora : $total_horas'),
(9, 'Participação em eventos diversos (Colóquios, Seminários, Congressos, Conferências, Palestras, Mini-cursos) na área ou áreas afins', 'horas', 2, 120, '$entrada ', '$total_horas > $max_hora ? $max_hora : $total_horas'),
(10, 'Participação em projetos programas de extensão', 'horas', 2, 90, '$entrada / 6', '$total_horas > $max_hora ? $max_hora : $total_horas'),
(11, 'Cursos extra-curriculares relacionados à área', 'horas', 2, 120, '$entrada / 2', '$total_horas > $max_hora ? $max_hora : $total_horas'),
(12, 'Cursos de língua estrangeira e/ou Libras', 'horas', 2, 100, '$entrada / 3', '$total_horas > $max_hora ? $max_hora : $total_horas'),
(13, 'Estágios não obrigatórios na área ou áreas afins', 'horas', 2, 150, '$entrada / 6', '$total_horas > $max_hora ? $max_hora : $total_horas'),
(14, 'Experiência profissional na área ou áreas afins', 'horas', 2, 150, '$entrada / 10', '$total_horas > $max_hora ? $max_hora : $total_horas'),
(15, 'Participação como ouvinte em defesas de Trabalho de Conclusão de Curso', 'unidades', 2, 40, '$entrada * 2', '$total_horas > $max_hora ? $max_hora : $total_horas'),
(16, 'Participação como ouvinte em defesas de dissertações de mestrado e/ou tese de doutorado', 'unidades', 2, 40, '$entrada * 4', '$total_horas > $max_hora ? $max_hora : $total_horas'),
(17, 'Administração e representações estudantis', 'unidades', 2, 60, '$entrada * 20', '$total_horas > $max_hora ? $max_hora : $total_horas'),
(18, 'Participação em Colegiado de Curso', 'unidades', 2, 40, '$entrada * 20', '$total_horas > $max_hora ? $max_hora : $total_horas'),
(19, 'Publicação de textos com temas relativos a área em jornais e/ou revistas (impressos ou digitais)', 'unidades', 2, 60, '$entrada * 8', '$total_horas > $max_hora ? $max_hora : $total_horas'),
(20, 'Trabalho voluntário vinculado a projetos de pesquisa', 'horas', 2, 90, '$entrada / 6', '$total_horas > $max_hora ? $max_hora : $total_horas'),
(21, 'Monitorias em disciplinas', 'horas', 3, 60, '$entrada / 4 ', '$total_horas > $max_hora ? $max_hora : $total_horas'),
(22, 'Grupos de Estudos Formais do IFRS', 'horas', 3, 60, '$entrada / 6', '$total_horas > $max_hora ? $max_hora : $total_horas'),
(23, 'Participação na organização de eventos', 'unidades', 3, 80, '$entrada * 20', '$total_horas > $max_hora ? $max_hora : $total_horas'),
(24, 'Trabalho voluntário vinculado a projetos de Ensino', 'horas', 3, 90, '$entrada / 6', '$total_horas > $max_hora ? $max_hora : $total_horas'),
(25, 'Disciplinas de graduação afins aprovadas não previstas no currículo', 'horas', 3, 100, '$entrada / 2', '$total_horas > $max_hora ? $max_hora : $total_horas'),
(26, 'Viagens de Estudo - Visitas técnicas', 'unidades', 4, 60, '$entrada * 15', '$total_horas > $max_hora ? $max_hora : $total_horas'),
(27, 'Participação em atividades culturais (teatro, cinema, literatura) desenvolvidas no IFRS', 'horas', 4, 40, '$entrada ', '$total_horas > $max_hora ? $max_hora : $total_horas'),
(28, 'Participação em grupos artísticos oficialmente constituídos no IFRS', 'horas', 4, 60, '$entrada / 6', '$total_horas > $max_hora ? $max_hora : $total_horas');

-- --------------------------------------------------------

--
-- Estrutura da tabela `certificado`
--

CREATE TABLE `certificado` (
  `codigo` int(11) NOT NULL,
  `cod_aluno` int(11) DEFAULT NULL,
  `arquivo_certificado` mediumblob,
  `quantidade_horas` float DEFAULT NULL,
  `status` char(3) DEFAULT NULL,
  `observacoes` varchar(400) DEFAULT NULL,
  `cod_atividade` int(11) DEFAULT NULL,
  `nome` text,
  `cod_professor` varchar(20) DEFAULT NULL
) ENGINE=InnoDB DEFAULT CHARSET=latin1;

--
-- Extraindo dados da tabela `certificado`
--

INSERT INTO `certificado` (`codigo`, `cod_aluno`, `arquivo_certificado`, `quantidade_horas`, `status`, `observacoes`, `cod_atividade`, `nome`, `cod_professor`) VALUES
(2005, 694830, NULL, 4, NULL, NULL, 24, NULL, NULL),
(2006, 869323, NULL, 3, NULL, NULL, 11, NULL, NULL),
(2007, 802629, NULL, 25, NULL, NULL, 20, NULL, NULL),
(2008, 802233, NULL, 17, NULL, NULL, 18, NULL, NULL),
(2009, 807803, NULL, 32, NULL, NULL, 1, NULL, NULL),
(2010, 853914, NULL, 2, NULL, NULL, 21, NULL, NULL),
(2011, 770419, NULL, 32, NULL, NULL, 7, NULL, NULL),
(2012, 799828, NULL, 27, NULL, NULL, 21, NULL, NULL),
(2013, 799828, NULL, 21, NULL, NULL, 20, NULL, NULL),
(2014, 744714, NULL, 23, NULL, NULL, 25, NULL, NULL),
(2015, 721563, NULL, 15, NULL, NULL, 6, NULL, NULL),
(2016, 802355, NULL, 1, NULL, NULL, 11, NULL, NULL),
(2017, 807077, NULL, 11, NULL, NULL, 11, NULL, NULL),
(2018, 799828, NULL, 10, NULL, NULL, 22, NULL, NULL),
(2019, 787030, NULL, 10, NULL, NULL, 10, NULL, NULL),
(2020, 838243, NULL, 3, NULL, NULL, 4, NULL, NULL),
(2021, 671443, NULL, 9, NULL, NULL, 8, NULL, NULL),
(2022, 721563, NULL, 2, NULL, NULL, 15, NULL, NULL),
(2023, 877825, NULL, 14, NULL, NULL, 8, NULL, NULL),
(2024, 774533, NULL, 10, NULL, NULL, 25, NULL, NULL),
(2025, 877825, NULL, 31, NULL, NULL, 10, NULL, NULL),
(2026, 853914, NULL, 2, NULL, NULL, 18, NULL, NULL),
(2027, 742111, NULL, 4, NULL, NULL, 18, NULL, NULL),
(2028, 671443, NULL, 7, NULL, NULL, 2, NULL, NULL),
(2029, 774533, NULL, 5, NULL, NULL, 7, NULL, NULL),
(2030, 787030, NULL, 31, NULL, NULL, 22, NULL, NULL),
(2031, 694830, NULL, 22, NULL, NULL, 27, NULL, NULL),
(2032, 877825, NULL, 20, NULL, NULL, 9, NULL, NULL),
(2033, 770419, NULL, 10, NULL, NULL, 20, NULL, NULL),
(2034, 742111, NULL, 24, NULL, NULL, 4, NULL, NULL),
(2035, 879088, NULL, 1, NULL, NULL, 18, NULL, NULL),
(2036, 800237, NULL, 10, NULL, NULL, 19, NULL, NULL),
(2037, 694830, NULL, 9, NULL, NULL, 28, NULL, NULL),
(2038, 800237, NULL, 8, NULL, NULL, 15, NULL, NULL),
(2039, 694830, NULL, 5, NULL, NULL, 26, NULL, NULL),
(2040, 897475, NULL, 29, NULL, NULL, 19, NULL, NULL),
(2041, 807077, NULL, 26, NULL, NULL, 10, NULL, NULL),
(2042, 802629, NULL, 16, NULL, NULL, 19, NULL, NULL),
(2043, 787030, NULL, 4, NULL, NULL, 13, NULL, NULL),
(2044, 844081, NULL, 31, NULL, NULL, 8, NULL, NULL),
(2045, 742111, NULL, 16, NULL, NULL, 3, NULL, NULL),
(2046, 802355, NULL, 15, NULL, NULL, 7, NULL, NULL),
(2047, 864830, NULL, 23, NULL, NULL, 26, NULL, NULL),
(2048, 787030, NULL, 17, NULL, NULL, 19, NULL, NULL),
(2049, 802629, NULL, 12, NULL, NULL, 28, NULL, NULL),
(2050, 897475, NULL, 17, NULL, NULL, 1, NULL, NULL),
(2051, 742111, NULL, 7, NULL, NULL, 23, NULL, NULL),
(2052, 879088, NULL, 23, NULL, NULL, 4, NULL, NULL),
(2053, 897475, NULL, 5, NULL, NULL, 11, NULL, NULL),
(2054, 802355, NULL, 28, NULL, NULL, 24, NULL, NULL),
(2055, 838243, NULL, 6, NULL, NULL, 7, NULL, NULL),
(2056, 844081, NULL, 8, NULL, NULL, 8, NULL, NULL),
(2057, 879088, NULL, 32, NULL, NULL, 4, NULL, NULL),
(2058, 802355, NULL, 33, NULL, NULL, 16, NULL, NULL),
(2059, 859742, NULL, 15, NULL, NULL, 10, NULL, NULL),
(2060, 739065, NULL, 21, NULL, NULL, 26, NULL, NULL),
(2061, 802629, NULL, 34, NULL, NULL, 17, NULL, NULL),
(2062, 721563, NULL, 16, NULL, NULL, 13, NULL, NULL),
(2063, 886572, NULL, 18, NULL, NULL, 21, NULL, NULL),
(2064, 787518, NULL, 13, NULL, NULL, 11, NULL, NULL),
(2065, 787518, NULL, 23, NULL, NULL, 21, NULL, NULL),
(2066, 721563, NULL, 7, NULL, NULL, 14, NULL, NULL),
(2067, 886572, NULL, 3, NULL, NULL, 9, NULL, NULL),
(2068, 863481, NULL, 32, NULL, NULL, 3, NULL, NULL),
(2069, 838243, NULL, 12, NULL, NULL, 4, NULL, NULL),
(2070, 869323, NULL, 6, NULL, NULL, 8, NULL, NULL),
(2071, 864830, NULL, 24, NULL, NULL, 13, NULL, NULL),
(2072, 774533, NULL, 27, NULL, NULL, 17, NULL, NULL),
(2073, 853914, NULL, 31, NULL, NULL, 28, NULL, NULL),
(2074, 863481, NULL, 5, NULL, NULL, 1, NULL, NULL),
(2075, 671443, NULL, 24, NULL, NULL, 3, NULL, NULL),
(2076, 817783, NULL, 32, NULL, NULL, 4, NULL, NULL),
(2077, 853914, NULL, 19, NULL, NULL, 1, NULL, NULL),
(2078, 853914, NULL, 30, NULL, NULL, 13, NULL, NULL),
(2079, 853914, NULL, 3, NULL, NULL, 4, NULL, NULL),
(2080, 879088, NULL, 26, NULL, NULL, 22, NULL, NULL),
(2081, 844792, NULL, 30, NULL, NULL, 7, NULL, NULL),
(2082, 853914, NULL, 21, NULL, NULL, 23, NULL, NULL),
(2083, 724281, NULL, 10, NULL, NULL, 16, NULL, NULL),
(2084, 671443, NULL, 5, NULL, NULL, 6, NULL, NULL),
(2085, 817783, NULL, 18, NULL, NULL, 28, NULL, NULL),
(2086, 864830, NULL, 30, NULL, NULL, 20, NULL, NULL),
(2087, 802355, NULL, 26, NULL, NULL, 22, NULL, NULL),
(2088, 774533, NULL, 10, NULL, NULL, 16, NULL, NULL),
(2089, 802233, NULL, 1, NULL, NULL, 4, NULL, NULL),
(2090, 788306, NULL, 12, NULL, NULL, 10, NULL, NULL),
(2091, 802355, NULL, 10, NULL, NULL, 2, NULL, NULL),
(2092, 744714, NULL, 8, NULL, NULL, 15, NULL, NULL),
(2093, 709922, NULL, 29, NULL, NULL, 7, NULL, NULL),
(2094, 724281, NULL, 19, NULL, NULL, 21, NULL, NULL),
(2095, 897475, NULL, 29, NULL, NULL, 27, NULL, NULL),
(2096, 671443, NULL, 16, NULL, NULL, 27, NULL, NULL),
(2097, 770419, NULL, 20, NULL, NULL, 27, NULL, NULL),
(2098, 807803, NULL, 26, NULL, NULL, 19, NULL, NULL),
(2099, 739065, NULL, 1, NULL, NULL, 17, NULL, NULL),
(2100, 869323, NULL, 22, NULL, NULL, 5, NULL, NULL),
(2101, 802629, NULL, 9, NULL, NULL, 14, NULL, NULL),
(2102, 892053, NULL, 22, NULL, NULL, 25, NULL, NULL),
(2103, 709922, NULL, 20, NULL, NULL, 2, NULL, NULL),
(2104, 802629, NULL, 31, NULL, NULL, 9, NULL, NULL),
(2105, 787518, NULL, 9, NULL, NULL, 8, NULL, NULL),
(2106, 877825, NULL, 16, NULL, NULL, 5, NULL, NULL),
(2107, 721563, NULL, 14, NULL, NULL, 3, NULL, NULL),
(2108, 844792, NULL, 27, NULL, NULL, 28, NULL, NULL),
(2109, 817783, NULL, 16, NULL, NULL, 3, NULL, NULL),
(2110, 788306, NULL, 11, NULL, NULL, 6, NULL, NULL),
(2111, 807077, NULL, 21, NULL, NULL, 20, NULL, NULL),
(2112, 844792, NULL, 11, NULL, NULL, 24, NULL, NULL),
(2113, 853914, NULL, 19, NULL, NULL, 15, NULL, NULL),
(2114, 886572, NULL, 5, NULL, NULL, 5, NULL, NULL),
(2115, 853914, NULL, 5, NULL, NULL, 10, NULL, NULL),
(2116, 877825, NULL, 20, NULL, NULL, 10, NULL, NULL),
(2117, 721563, NULL, 28, NULL, NULL, 7, NULL, NULL),
(2118, 892053, NULL, 27, NULL, NULL, 1, NULL, NULL),
(2119, 694830, NULL, 32, NULL, NULL, 25, NULL, NULL),
(2120, 844792, NULL, 28, NULL, NULL, 21, NULL, NULL),
(2121, 787030, NULL, 29, NULL, NULL, 6, NULL, NULL),
(2122, 742111, NULL, 30, NULL, NULL, 24, NULL, NULL),
(2123, 770419, NULL, 2, NULL, NULL, 20, NULL, NULL),
(2124, 744714, NULL, 21, NULL, NULL, 21, NULL, NULL),
(2125, 721563, NULL, 29, NULL, NULL, 27, NULL, NULL),
(2126, 817783, NULL, 31, NULL, NULL, 14, NULL, NULL),
(2127, 844081, NULL, 23, NULL, NULL, 7, NULL, NULL),
(2128, 724281, NULL, 5, NULL, NULL, 14, NULL, NULL),
(2129, 853914, NULL, 7, NULL, NULL, 20, NULL, NULL),
(2130, 844792, NULL, 5, NULL, NULL, 27, NULL, NULL),
(2131, 770419, NULL, 18, NULL, NULL, 28, NULL, NULL),
(2132, 886572, NULL, 8, NULL, NULL, 18, NULL, NULL),
(2133, 774533, NULL, 3, NULL, NULL, 27, NULL, NULL),
(2134, 774533, NULL, 33, NULL, NULL, 1, NULL, NULL),
(2135, 774533, NULL, 28, NULL, NULL, 21, NULL, NULL),
(2136, 724281, NULL, 5, NULL, NULL, 20, NULL, NULL),
(2137, 694830, NULL, 5, NULL, NULL, 25, NULL, NULL),
(2138, 879088, NULL, 13, NULL, NULL, 2, NULL, NULL),
(2139, 800237, NULL, 5, NULL, NULL, 10, NULL, NULL),
(2140, 799828, NULL, 8, NULL, NULL, 7, NULL, NULL),
(2141, 869323, NULL, 1, NULL, NULL, 7, NULL, NULL),
(2142, 863481, NULL, 6, NULL, NULL, 23, NULL, NULL),
(2143, 742111, NULL, 6, NULL, NULL, 10, NULL, NULL),
(2144, 844081, NULL, 22, NULL, NULL, 24, NULL, NULL),
(2145, 859742, NULL, 8, NULL, NULL, 12, NULL, NULL),
(2146, 802233, NULL, 6, NULL, NULL, 10, NULL, NULL),
(2147, 800237, NULL, 24, NULL, NULL, 10, NULL, NULL),
(2148, 774533, NULL, 6, NULL, NULL, 17, NULL, NULL),
(2149, 742111, NULL, 17, NULL, NULL, 9, NULL, NULL),
(2150, 744714, NULL, 28, NULL, NULL, 23, NULL, NULL),
(2151, 694830, NULL, 23, NULL, NULL, 7, NULL, NULL),
(2152, 800237, NULL, 15, NULL, NULL, 3, NULL, NULL),
(2153, 863481, NULL, 8, NULL, NULL, 9, NULL, NULL),
(2154, 721563, NULL, 0, NULL, NULL, 28, NULL, NULL),
(2155, 787518, NULL, 21, NULL, NULL, 10, NULL, NULL),
(2156, 869323, NULL, 26, NULL, NULL, 2, NULL, NULL),
(2157, 807077, NULL, 15, NULL, NULL, 7, NULL, NULL),
(2158, 879088, NULL, 8, NULL, NULL, 2, NULL, NULL),
(2159, 744714, NULL, 22, NULL, NULL, 19, NULL, NULL),
(2160, 817783, NULL, 8, NULL, NULL, 9, NULL, NULL),
(2161, 787030, NULL, 7, NULL, NULL, 22, NULL, NULL),
(2162, 869323, NULL, 30, NULL, NULL, 27, NULL, NULL),
(2163, 802355, NULL, 30, NULL, NULL, 3, NULL, NULL),
(2164, 739065, NULL, 14, NULL, NULL, 13, NULL, NULL),
(2165, 788306, NULL, 29, NULL, NULL, 15, NULL, NULL),
(2166, 787030, NULL, 21, NULL, NULL, 21, NULL, NULL),
(2167, 864830, NULL, 5, NULL, NULL, 12, NULL, NULL),
(2168, 853914, NULL, 17, NULL, NULL, 1, NULL, NULL),
(2169, 807077, NULL, 23, NULL, NULL, 22, NULL, NULL),
(2170, 802233, NULL, 30, NULL, NULL, 9, NULL, NULL),
(2171, 694830, NULL, 27, NULL, NULL, 18, NULL, NULL),
(2172, 744714, NULL, 9, NULL, NULL, 22, NULL, NULL),
(2173, 671443, NULL, 18, NULL, NULL, 11, NULL, NULL),
(2174, 800237, NULL, 5, NULL, NULL, 21, NULL, NULL),
(2175, 877825, NULL, 27, NULL, NULL, 3, NULL, NULL),
(2176, 897475, NULL, 13, NULL, NULL, 5, NULL, NULL),
(2178, 770419, NULL, 2, NULL, NULL, 22, NULL, NULL),
(2179, 859742, NULL, 6, NULL, NULL, 27, NULL, NULL),
(2180, 787030, NULL, 19, NULL, NULL, 17, NULL, NULL),
(2181, 892053, NULL, 22, NULL, NULL, 25, NULL, NULL),
(2182, 787518, NULL, 23, NULL, NULL, 25, NULL, NULL),
(2183, 742111, NULL, 25, NULL, NULL, 26, NULL, NULL),
(2184, 802355, NULL, 21, NULL, NULL, 8, NULL, NULL),
(2185, 869323, NULL, 13, NULL, NULL, 25, NULL, NULL),
(2186, 844792, NULL, 0, NULL, NULL, 10, NULL, NULL),
(2187, 817783, NULL, 12, NULL, NULL, 22, NULL, NULL),
(2188, 802629, NULL, 3, NULL, NULL, 4, NULL, NULL),
(2189, 863481, NULL, 19, NULL, NULL, 7, NULL, NULL),
(2190, 799828, NULL, 11, NULL, NULL, 4, NULL, NULL),
(2191, 844081, NULL, 19, NULL, NULL, 17, NULL, NULL),
(2192, 892053, NULL, 1, NULL, NULL, 11, NULL, NULL),
(2193, 897475, NULL, 9, NULL, NULL, 12, NULL, NULL),
(2194, 897475, NULL, 30, NULL, NULL, 21, NULL, NULL),
(2195, 744714, NULL, 15, NULL, NULL, 28, NULL, NULL),
(2196, 817783, NULL, 11, NULL, NULL, 24, NULL, NULL),
(2197, 807803, NULL, 31, NULL, NULL, 5, NULL, NULL),
(2198, 869323, NULL, 18, NULL, NULL, 12, NULL, NULL),
(2199, 877825, NULL, 0, NULL, NULL, 3, NULL, NULL),
(2200, 799828, NULL, 11, NULL, NULL, 20, NULL, NULL),
(2201, 869323, NULL, 22, NULL, NULL, 20, NULL, NULL),
(2202, 742111, NULL, 0, NULL, NULL, 6, NULL, NULL),
(2203, 774533, NULL, 4, NULL, NULL, 24, NULL, NULL),
(2204, 844792, NULL, 32, NULL, NULL, 1, NULL, NULL),
(2205, 709922, NULL, 2, NULL, NULL, 4, NULL, NULL),
(2206, 709922, NULL, 26, NULL, NULL, 13, NULL, NULL),
(2207, 844792, NULL, 6, NULL, NULL, 28, NULL, NULL),
(2208, 787030, NULL, 0, NULL, NULL, 25, NULL, NULL),
(2209, 721563, NULL, 32, NULL, NULL, 26, NULL, NULL),
(2210, 787030, NULL, 22, NULL, NULL, 13, NULL, NULL),
(2211, 694830, NULL, 34, NULL, NULL, 16, NULL, NULL),
(2212, 802233, NULL, 7, NULL, NULL, 13, NULL, NULL),
(2213, 770419, NULL, 16, NULL, NULL, 20, NULL, NULL),
(2214, 770419, NULL, 30, NULL, NULL, 5, NULL, NULL),
(2215, 877825, NULL, 29, NULL, NULL, 17, NULL, NULL),
(2216, 802233, NULL, 34, NULL, NULL, 23, NULL, NULL),
(2217, 770419, NULL, 31, NULL, NULL, 23, NULL, NULL),
(2218, 802355, NULL, 19, NULL, NULL, 18, NULL, NULL),
(2219, 879088, NULL, 27, NULL, NULL, 23, NULL, NULL),
(2220, 863481, NULL, 27, NULL, NULL, 22, NULL, NULL),
(2221, 788306, NULL, 24, NULL, NULL, 10, NULL, NULL),
(2222, 671443, NULL, 22, NULL, NULL, 16, NULL, NULL),
(2223, 802233, NULL, 6, NULL, NULL, 9, NULL, NULL),
(2224, 892053, NULL, 23, NULL, NULL, 27, NULL, NULL),
(2225, 859742, NULL, 34, NULL, NULL, 7, NULL, NULL),
(2226, 709922, NULL, 1, NULL, NULL, 4, NULL, NULL),
(2227, 788306, NULL, 12, NULL, NULL, 27, NULL, NULL),
(2228, 844792, NULL, 3, NULL, NULL, 28, NULL, NULL),
(2229, 802629, NULL, 26, NULL, NULL, 7, NULL, NULL),
(2230, 802355, NULL, 7, NULL, NULL, 21, NULL, NULL),
(2231, 802233, NULL, 25, NULL, NULL, 20, NULL, NULL),
(2232, 724281, NULL, 9, NULL, NULL, 9, NULL, NULL),
(2233, 800237, NULL, 9, NULL, NULL, 16, NULL, NULL),
(2234, 807077, NULL, 26, NULL, NULL, 3, NULL, NULL),
(2235, 721563, NULL, 5, NULL, NULL, 1, NULL, NULL),
(2236, 844081, NULL, 16, NULL, NULL, 8, NULL, NULL),
(2237, 807803, NULL, 28, NULL, NULL, 8, NULL, NULL),
(2238, 863481, NULL, 5, NULL, NULL, 22, NULL, NULL),
(2239, 807803, NULL, 4, NULL, NULL, 21, NULL, NULL),
(2240, 694830, NULL, 21, NULL, NULL, 6, NULL, NULL),
(2241, 694830, NULL, 22, NULL, NULL, 18, NULL, NULL),
(2242, 863481, NULL, 18, NULL, NULL, 2, NULL, NULL),
(2243, 863481, NULL, 8, NULL, NULL, 4, NULL, NULL),
(2244, 897475, NULL, 34, NULL, NULL, 21, NULL, NULL),
(2245, 802629, NULL, 34, NULL, NULL, 16, NULL, NULL),
(2246, 863481, NULL, 22, NULL, NULL, 17, NULL, NULL),
(2247, 799828, NULL, 22, NULL, NULL, 28, NULL, NULL),
(2248, 802355, NULL, 32, NULL, NULL, 3, NULL, NULL),
(2249, 807803, NULL, 13, NULL, NULL, 1, NULL, NULL),
(2250, 724281, NULL, 8, NULL, NULL, 14, NULL, NULL),
(2251, 742111, NULL, 33, NULL, NULL, 5, NULL, NULL),
(2252, 838243, NULL, 2, NULL, NULL, 27, NULL, NULL),
(2253, 869323, NULL, 29, NULL, NULL, 5, NULL, NULL),
(2254, 863481, NULL, 27, NULL, NULL, 15, NULL, NULL),
(2255, 897475, NULL, 34, NULL, NULL, 21, NULL, NULL),
(2256, 739065, NULL, 22, NULL, NULL, 19, NULL, NULL),
(2257, 774533, NULL, 32, NULL, NULL, 18, NULL, NULL),
(2258, 709922, NULL, 31, NULL, NULL, 14, NULL, NULL),
(2259, 694830, NULL, 29, NULL, NULL, 15, NULL, NULL),
(2260, 853914, NULL, 23, NULL, NULL, 18, NULL, NULL),
(2261, 709922, NULL, 5, NULL, NULL, 11, NULL, NULL),
(2262, 844792, NULL, 9, NULL, NULL, 23, NULL, NULL),
(2263, 864830, NULL, 16, NULL, NULL, 3, NULL, NULL),
(2264, 886572, NULL, 33, NULL, NULL, 18, NULL, NULL),
(2265, 817783, NULL, 23, NULL, NULL, 21, NULL, NULL),
(2266, 799828, NULL, 8, NULL, NULL, 1, NULL, NULL),
(2267, 817783, NULL, 0, NULL, NULL, 4, NULL, NULL),
(2268, 774533, NULL, 5, NULL, NULL, 18, NULL, NULL),
(2269, 774533, NULL, 22, NULL, NULL, 11, NULL, NULL),
(2270, 897475, NULL, 12, NULL, NULL, 24, NULL, NULL),
(2271, 742111, NULL, 25, NULL, NULL, 9, NULL, NULL),
(2272, 817783, NULL, 2, NULL, NULL, 28, NULL, NULL),
(2273, 859742, NULL, 17, NULL, NULL, 17, NULL, NULL),
(2274, 886572, NULL, 16, NULL, NULL, 24, NULL, NULL),
(2275, 774533, NULL, 24, NULL, NULL, 9, NULL, NULL),
(2276, 892053, NULL, 4, NULL, NULL, 2, NULL, NULL),
(2277, 807077, NULL, 13, NULL, NULL, 25, NULL, NULL),
(2278, 802355, NULL, 30, NULL, NULL, 4, NULL, NULL),
(2279, 892053, NULL, 29, NULL, NULL, 19, NULL, NULL),
(2280, 844081, NULL, 29, NULL, NULL, 25, NULL, NULL),
(2281, 897475, NULL, 31, NULL, NULL, 12, NULL, NULL),
(2282, 744714, NULL, 23, NULL, NULL, 14, NULL, NULL),
(2283, 802233, NULL, 28, NULL, NULL, 17, NULL, NULL),
(2284, 859742, NULL, 22, NULL, NULL, 17, NULL, NULL),
(2285, 802233, NULL, 5, NULL, NULL, 9, NULL, NULL),
(2286, 787030, NULL, 12, NULL, NULL, 24, NULL, NULL),
(2287, 724281, NULL, 34, NULL, NULL, 6, NULL, NULL),
(2288, 886572, NULL, 18, NULL, NULL, 8, NULL, NULL),
(2289, 853914, NULL, 4, NULL, NULL, 3, NULL, NULL),
(2290, 774533, NULL, 7, NULL, NULL, 1, NULL, NULL),
(2291, 817783, NULL, 24, NULL, NULL, 25, NULL, NULL),
(2292, 864830, NULL, 4, NULL, NULL, 8, NULL, NULL),
(2293, 671443, NULL, 30, NULL, NULL, 2, NULL, NULL),
(2294, 774533, NULL, 1, NULL, NULL, 14, NULL, NULL),
(2295, 877825, NULL, 30, NULL, NULL, 3, NULL, NULL),
(2296, 807803, NULL, 30, NULL, NULL, 2, NULL, NULL),
(2297, 721563, NULL, 16, NULL, NULL, 10, NULL, NULL),
(2298, 864830, NULL, 27, NULL, NULL, 3, NULL, NULL),
(2299, 694830, NULL, 3, NULL, NULL, 6, NULL, NULL),
(2300, 774533, NULL, 15, NULL, NULL, 8, NULL, NULL),
(2301, 724281, NULL, 4, NULL, NULL, 15, NULL, NULL),
(2302, 787518, NULL, 12, NULL, NULL, 21, NULL, NULL),
(2303, 774533, NULL, 33, NULL, NULL, 12, NULL, NULL),
(2304, 739065, NULL, 5, NULL, NULL, 23, NULL, NULL),
(2305, 879088, NULL, 31, NULL, NULL, 12, NULL, NULL),
(2306, 799828, NULL, 14, NULL, NULL, 7, NULL, NULL),
(2307, 742111, NULL, 4, NULL, NULL, 3, NULL, NULL),
(2308, 844081, NULL, 17, NULL, NULL, 24, NULL, NULL),
(2309, 802629, NULL, 10, NULL, NULL, 9, NULL, NULL),
(2310, 892053, NULL, 9, NULL, NULL, 28, NULL, NULL),
(2311, 770419, NULL, 5, NULL, NULL, 14, NULL, NULL),
(2312, 770419, NULL, 26, NULL, NULL, 2, NULL, NULL),
(2313, 864830, NULL, 32, NULL, NULL, 15, NULL, NULL),
(2314, 807077, NULL, 2, NULL, NULL, 15, NULL, NULL),
(2315, 694830, NULL, 20, NULL, NULL, 20, NULL, NULL),
(2316, 739065, NULL, 1, NULL, NULL, 22, NULL, NULL),
(2317, 671443, NULL, 12, NULL, NULL, 6, NULL, NULL),
(2318, 879088, NULL, 31, NULL, NULL, 23, NULL, NULL),
(2319, 844792, NULL, 31, NULL, NULL, 24, NULL, NULL),
(2320, 802233, NULL, 30, NULL, NULL, 7, NULL, NULL),
(2321, 802233, NULL, 15, NULL, NULL, 3, NULL, NULL),
(2322, 853914, NULL, 19, NULL, NULL, 10, NULL, NULL),
(2323, 844081, NULL, 11, NULL, NULL, 13, NULL, NULL),
(2324, 859742, NULL, 10, NULL, NULL, 2, NULL, NULL),
(2325, 864830, NULL, 31, NULL, NULL, 23, NULL, NULL),
(2326, 864830, NULL, 13, NULL, NULL, 27, NULL, NULL),
(2327, 671443, NULL, 28, NULL, NULL, 16, NULL, NULL),
(2328, 671443, NULL, 8, NULL, NULL, 20, NULL, NULL),
(2329, 807077, NULL, 25, NULL, NULL, 25, NULL, NULL),
(2330, 721563, NULL, 17, NULL, NULL, 2, NULL, NULL),
(2331, 724281, NULL, 24, NULL, NULL, 11, NULL, NULL),
(2332, 721563, NULL, 34, NULL, NULL, 20, NULL, NULL),
(2333, 853914, NULL, 24, NULL, NULL, 4, NULL, NULL),
(2334, 807077, NULL, 20, NULL, NULL, 14, NULL, NULL),
(2335, 863481, NULL, 2, NULL, NULL, 28, NULL, NULL),
(2336, 774533, NULL, 4, NULL, NULL, 4, NULL, NULL),
(2337, 788306, NULL, 25, NULL, NULL, 12, NULL, NULL),
(2338, 853914, NULL, 5, NULL, NULL, 21, NULL, NULL),
(2339, 742111, NULL, 2, NULL, NULL, 1, NULL, NULL),
(2340, 671443, NULL, 21, NULL, NULL, 8, NULL, NULL),
(2341, 724281, NULL, 5, NULL, NULL, 21, NULL, NULL),
(2342, 787030, NULL, 30, NULL, NULL, 7, NULL, NULL),
(2343, 877825, NULL, 16, NULL, NULL, 11, NULL, NULL),
(2344, 694830, NULL, 23, NULL, NULL, 16, NULL, NULL),
(2345, 739065, NULL, 4, NULL, NULL, 20, NULL, NULL),
(2346, 807803, NULL, 19, NULL, NULL, 1, NULL, NULL),
(2347, 671443, NULL, 16, NULL, NULL, 27, NULL, NULL),
(2348, 877825, NULL, 16, NULL, NULL, 17, NULL, NULL),
(2349, 694830, NULL, 29, NULL, NULL, 8, NULL, NULL),
(2350, 886572, NULL, 29, NULL, NULL, 12, NULL, NULL),
(2351, 886572, NULL, 3, NULL, NULL, 4, NULL, NULL),
(2352, 724281, NULL, 32, NULL, NULL, 10, NULL, NULL),
(2353, 721563, NULL, 1, NULL, NULL, 24, NULL, NULL),
(2354, 739065, NULL, 2, NULL, NULL, 28, NULL, NULL),
(2355, 817783, NULL, 19, NULL, NULL, 28, NULL, NULL),
(2356, 853914, NULL, 12, NULL, NULL, 26, NULL, NULL),
(2357, 724281, NULL, 28, NULL, NULL, 19, NULL, NULL),
(2358, 721563, NULL, 12, NULL, NULL, 11, NULL, NULL),
(2359, 742111, NULL, 28, NULL, NULL, 5, NULL, NULL),
(2360, 788306, NULL, 2, NULL, NULL, 4, NULL, NULL),
(2361, 802629, NULL, 2, NULL, NULL, 26, NULL, NULL),
(2362, 787518, NULL, 24, NULL, NULL, 23, NULL, NULL),
(2363, 877825, NULL, 7, NULL, NULL, 24, NULL, NULL),
(2364, 879088, NULL, 12, NULL, NULL, 26, NULL, NULL),
(2365, 859742, NULL, 29, NULL, NULL, 10, NULL, NULL),
(2366, 802233, NULL, 27, NULL, NULL, 1, NULL, NULL),
(2367, 802233, NULL, 14, NULL, NULL, 1, NULL, NULL),
(2368, 886572, NULL, 10, NULL, NULL, 14, NULL, NULL),
(2369, 774533, NULL, 12, NULL, NULL, 10, NULL, NULL),
(2370, 800237, NULL, 15, NULL, NULL, 14, NULL, NULL),
(2371, 770419, NULL, 32, NULL, NULL, 17, NULL, NULL),
(2372, 774533, NULL, 17, NULL, NULL, 6, NULL, NULL),
(2373, 671443, NULL, 25, NULL, NULL, 9, NULL, NULL),
(2374, 864830, NULL, 0, NULL, NULL, 24, NULL, NULL),
(2375, 853914, NULL, 29, NULL, NULL, 5, NULL, NULL),
(2376, 774533, NULL, 5, NULL, NULL, 23, NULL, NULL),
(2377, 744714, NULL, 12, NULL, NULL, 13, NULL, NULL),
(2378, 869323, NULL, 29, NULL, NULL, 5, NULL, NULL),
(2379, 879088, NULL, 21, NULL, NULL, 10, NULL, NULL),
(2380, 802233, NULL, 14, NULL, NULL, 3, NULL, NULL),
(2381, 800237, NULL, 32, NULL, NULL, 21, NULL, NULL),
(2382, 800237, NULL, 10, NULL, NULL, 13, NULL, NULL),
(2383, 838243, NULL, 13, NULL, NULL, 27, NULL, NULL),
(2384, 721563, NULL, 28, NULL, NULL, 27, NULL, NULL),
(2385, 853914, NULL, 5, NULL, NULL, 8, NULL, NULL),
(2386, 742111, NULL, 14, NULL, NULL, 7, NULL, NULL),
(2387, 671443, NULL, 28, NULL, NULL, 27, NULL, NULL),
(2388, 724281, NULL, 17, NULL, NULL, 22, NULL, NULL),
(2389, 886572, NULL, 2, NULL, NULL, 13, NULL, NULL),
(2390, 802629, NULL, 34, NULL, NULL, 12, NULL, NULL),
(2391, 787518, NULL, 26, NULL, NULL, 17, NULL, NULL),
(2392, 802233, NULL, 24, NULL, NULL, 7, NULL, NULL),
(2393, 787518, NULL, 21, NULL, NULL, 18, NULL, NULL),
(2394, 802629, NULL, 28, NULL, NULL, 3, NULL, NULL),
(2395, 709922, NULL, 28, NULL, NULL, 18, NULL, NULL),
(2396, 709922, NULL, 10, NULL, NULL, 21, NULL, NULL),
(2397, 869323, NULL, 3, NULL, NULL, 28, NULL, NULL),
(2398, 774533, NULL, 2, NULL, NULL, 27, NULL, NULL),
(2399, 724281, NULL, 5, NULL, NULL, 1, NULL, NULL),
(2400, 799828, NULL, 28, NULL, NULL, 4, NULL, NULL),
(2401, 742111, NULL, 30, NULL, NULL, 7, NULL, NULL),
(2402, 877825, NULL, 6, NULL, NULL, 16, NULL, NULL),
(2403, 709922, NULL, 17, NULL, NULL, 15, NULL, NULL),
(2404, 787030, NULL, 18, NULL, NULL, 4, NULL, NULL),
(2405, 879088, NULL, 28, NULL, NULL, 26, NULL, NULL),
(2406, 838243, NULL, 1, NULL, NULL, 13, NULL, NULL),
(2407, 863481, NULL, 29, NULL, NULL, 7, NULL, NULL),
(2408, 844792, NULL, 24, NULL, NULL, 3, NULL, NULL),
(2409, 774533, NULL, 9, NULL, NULL, 4, NULL, NULL),
(2410, 787518, NULL, 9, NULL, NULL, 5, NULL, NULL),
(2411, 863481, NULL, 0, NULL, NULL, 4, NULL, NULL),
(2412, 802629, NULL, 34, NULL, NULL, 11, NULL, NULL),
(2413, 802629, NULL, 12, NULL, NULL, 15, NULL, NULL),
(2414, 863481, NULL, 17, NULL, NULL, 12, NULL, NULL),
(2415, 694830, NULL, 17, NULL, NULL, 20, NULL, NULL),
(2416, 788306, NULL, 19, NULL, NULL, 26, NULL, NULL),
(2417, 800237, NULL, 17, NULL, NULL, 17, NULL, NULL),
(2418, 694830, NULL, 1, NULL, NULL, 13, NULL, NULL),
(2419, 844792, NULL, 19, NULL, NULL, 7, NULL, NULL),
(2420, 744714, NULL, 26, NULL, NULL, 27, NULL, NULL),
(2421, 709922, NULL, 27, NULL, NULL, 27, NULL, NULL),
(2422, 844792, NULL, 24, NULL, NULL, 27, NULL, NULL),
(2423, 770419, NULL, 22, NULL, NULL, 22, NULL, NULL),
(2424, 671443, NULL, 24, NULL, NULL, 12, NULL, NULL),
(2425, 869323, NULL, 2, NULL, NULL, 28, NULL, NULL),
(2426, 787030, NULL, 21, NULL, NULL, 4, NULL, NULL),
(2427, 721563, NULL, 12, NULL, NULL, 19, NULL, NULL),
(2428, 800237, NULL, 7, NULL, NULL, 26, NULL, NULL),
(2429, 787030, NULL, 18, NULL, NULL, 7, NULL, NULL),
(2430, 844081, NULL, 33, NULL, NULL, 9, NULL, NULL),
(2431, 774533, NULL, 13, NULL, NULL, 26, NULL, NULL),
(2432, 709922, NULL, 27, NULL, NULL, 10, NULL, NULL),
(2433, 724281, NULL, 8, NULL, NULL, 12, NULL, NULL),
(2434, 802355, NULL, 14, NULL, NULL, 21, NULL, NULL),
(2435, 817783, NULL, 30, NULL, NULL, 25, NULL, NULL),
(2436, 787518, NULL, 9, NULL, NULL, 7, NULL, NULL),
(2437, 788306, NULL, 10, NULL, NULL, 4, NULL, NULL),
(2438, 886572, NULL, 23, NULL, NULL, 27, NULL, NULL),
(2439, 802355, NULL, 32, NULL, NULL, 5, NULL, NULL),
(2440, 724281, NULL, 6, NULL, NULL, 5, NULL, NULL),
(2441, 897475, NULL, 21, NULL, NULL, 13, NULL, NULL),
(2442, 892053, NULL, 26, NULL, NULL, 24, NULL, NULL),
(2443, 838243, NULL, 29, NULL, NULL, 14, NULL, NULL),
(2444, 853914, NULL, 26, NULL, NULL, 19, NULL, NULL),
(2445, 742111, NULL, 13, NULL, NULL, 26, NULL, NULL),
(2446, 724281, NULL, 7, NULL, NULL, 9, NULL, NULL),
(2447, 892053, NULL, 12, NULL, NULL, 6, NULL, NULL),
(2448, 863481, NULL, 1, NULL, NULL, 21, NULL, NULL),
(2449, 863481, NULL, 17, NULL, NULL, 27, NULL, NULL),
(2450, 844081, NULL, 29, NULL, NULL, 8, NULL, NULL),
(2451, 724281, NULL, 4, NULL, NULL, 17, NULL, NULL),
(2452, 799828, NULL, 27, NULL, NULL, 23, NULL, NULL),
(2453, 724281, NULL, 17, NULL, NULL, 21, NULL, NULL),
(2454, 802629, NULL, 8, NULL, NULL, 15, NULL, NULL),
(2455, 800237, NULL, 5, NULL, NULL, 15, NULL, NULL),
(2456, 770419, NULL, 9, NULL, NULL, 9, NULL, NULL),
(2457, 853914, NULL, 13, NULL, NULL, 20, NULL, NULL),
(2458, 844792, NULL, 3, NULL, NULL, 10, NULL, NULL),
(2459, 724281, NULL, 18, NULL, NULL, 25, NULL, NULL),
(2460, 877825, NULL, 24, NULL, NULL, 24, NULL, NULL),
(2461, 863481, NULL, 17, NULL, NULL, 16, NULL, NULL),
(2462, 739065, NULL, 20, NULL, NULL, 1, NULL, NULL),
(2463, 864830, NULL, 27, NULL, NULL, 1, NULL, NULL),
(2464, 869323, NULL, 29, NULL, NULL, 23, NULL, NULL),
(2465, 744714, NULL, 18, NULL, NULL, 28, NULL, NULL),
(2466, 807077, NULL, 5, NULL, NULL, 17, NULL, NULL),
(2467, 721563, NULL, 26, NULL, NULL, 21, NULL, NULL),
(2468, 844792, NULL, 14, NULL, NULL, 3, NULL, NULL),
(2469, 807803, NULL, 20, NULL, NULL, 3, NULL, NULL),
(2470, 770419, NULL, 5, NULL, NULL, 21, NULL, NULL),
(2471, 838243, NULL, 12, NULL, NULL, 15, NULL, NULL),
(2472, 799828, NULL, 3, NULL, NULL, 19, NULL, NULL),
(2473, 802233, NULL, 29, NULL, NULL, 19, NULL, NULL),
(2474, 799828, NULL, 9, NULL, NULL, 24, NULL, NULL),
(2475, 744714, NULL, 21, NULL, NULL, 18, NULL, NULL),
(2476, 799828, NULL, 0, NULL, NULL, 19, NULL, NULL),
(2477, 787030, NULL, 29, NULL, NULL, 9, NULL, NULL),
(2478, 774533, NULL, 5, NULL, NULL, 25, NULL, NULL),
(2479, 879088, NULL, 2, NULL, NULL, 15, NULL, NULL),
(2480, 802355, NULL, 1, NULL, NULL, 17, NULL, NULL),
(2481, 886572, NULL, 34, NULL, NULL, 11, NULL, NULL),
(2482, 838243, NULL, 32, NULL, NULL, 21, NULL, NULL),
(2483, 802355, NULL, 34, NULL, NULL, 7, NULL, NULL),
(2484, 724281, NULL, 23, NULL, NULL, 9, NULL, NULL),
(2485, 853914, NULL, 12, NULL, NULL, 10, NULL, NULL),
(2486, 694830, NULL, 16, NULL, NULL, 13, NULL, NULL),
(2487, 879088, NULL, 26, NULL, NULL, 9, NULL, NULL),
(2488, 892053, NULL, 0, NULL, NULL, 16, NULL, NULL),
(2489, 744714, NULL, 11, NULL, NULL, 23, NULL, NULL),
(2490, 742111, NULL, 31, NULL, NULL, 16, NULL, NULL),
(2491, 897475, NULL, 11, NULL, NULL, 16, NULL, NULL),
(2492, 844792, NULL, 4, NULL, NULL, 21, NULL, NULL),
(2493, 742111, NULL, 30, NULL, NULL, 19, NULL, NULL),
(2494, 709922, NULL, 31, NULL, NULL, 8, NULL, NULL),
(2495, 770419, NULL, 21, NULL, NULL, 27, NULL, NULL),
(2496, 799828, NULL, 31, NULL, NULL, 5, NULL, NULL),
(2497, 721563, NULL, 14, NULL, NULL, 16, NULL, NULL),
(2498, 869323, NULL, 0, NULL, NULL, 10, NULL, NULL),
(2499, 788306, NULL, 0, NULL, NULL, 24, NULL, NULL),
(2500, 864830, NULL, 30, NULL, NULL, 25, NULL, NULL),
(2501, 853914, NULL, 33, NULL, NULL, 20, NULL, NULL),
(2502, 802629, NULL, 19, NULL, NULL, 11, NULL, NULL),
(2503, 694830, NULL, 33, NULL, NULL, 23, NULL, NULL),
(2504, 802233, NULL, 27, NULL, NULL, 16, NULL, NULL),
(2505, 788306, NULL, 26, NULL, NULL, 8, NULL, NULL),
(2506, 879088, NULL, 34, NULL, NULL, 5, NULL, NULL),
(2507, 800237, NULL, 26, NULL, NULL, 13, NULL, NULL),
(2508, 694830, NULL, 22, NULL, NULL, 10, NULL, NULL),
(2509, 807077, NULL, 14, NULL, NULL, 22, NULL, NULL),
(2510, 799828, NULL, 0, NULL, NULL, 9, NULL, NULL),
(2511, 817783, NULL, 26, NULL, NULL, 17, NULL, NULL),
(2512, 853914, NULL, 12, NULL, NULL, 9, NULL, NULL),
(2513, 844792, NULL, 8, NULL, NULL, 6, NULL, NULL),
(2514, 817783, NULL, 13, NULL, NULL, 17, NULL, NULL),
(2515, 694830, NULL, 12, NULL, NULL, 8, NULL, NULL),
(2516, 897475, NULL, 21, NULL, NULL, 21, NULL, NULL),
(2517, 802629, NULL, 7, NULL, NULL, 27, NULL, NULL),
(2518, 744714, NULL, 9, NULL, NULL, 25, NULL, NULL),
(2519, 838243, NULL, 33, NULL, NULL, 1, NULL, NULL),
(2520, 853914, NULL, 15, NULL, NULL, 27, NULL, NULL),
(2521, 800237, NULL, 24, NULL, NULL, 25, NULL, NULL),
(2522, 799828, NULL, 1, NULL, NULL, 8, NULL, NULL),
(2523, 869323, NULL, 22, NULL, NULL, 24, NULL, NULL),
(2524, 774533, NULL, 20, NULL, NULL, 19, NULL, NULL),
(2525, 863481, NULL, 29, NULL, NULL, 24, NULL, NULL),
(2526, 721563, NULL, 7, NULL, NULL, 10, NULL, NULL),
(2527, 877825, NULL, 27, NULL, NULL, 1, NULL, NULL),
(2528, 799828, NULL, 33, NULL, NULL, 22, NULL, NULL),
(2529, 802355, NULL, 5, NULL, NULL, 22, NULL, NULL),
(2530, 897475, NULL, 31, NULL, NULL, 20, NULL, NULL),
(2531, 864830, NULL, 2, NULL, NULL, 25, NULL, NULL),
(2532, 817783, NULL, 8, NULL, NULL, 23, NULL, NULL),
(2533, 844792, NULL, 0, NULL, NULL, 28, NULL, NULL),
(2534, 742111, NULL, 21, NULL, NULL, 19, NULL, NULL),
(2535, 807803, NULL, 15, NULL, NULL, 8, NULL, NULL),
(2536, 838243, NULL, 3, NULL, NULL, 21, NULL, NULL),
(2537, 800237, NULL, 26, NULL, NULL, 28, NULL, NULL),
(2538, 892053, NULL, 9, NULL, NULL, 24, NULL, NULL),
(2539, 807077, NULL, 8, NULL, NULL, 25, NULL, NULL),
(2540, 788306, NULL, 27, NULL, NULL, 21, NULL, NULL),
(2541, 886572, NULL, 27, NULL, NULL, 10, NULL, NULL),
(2542, 802629, NULL, 21, NULL, NULL, 23, NULL, NULL),
(2543, 877825, NULL, 11, NULL, NULL, 28, NULL, NULL),
(2544, 802355, NULL, 31, NULL, NULL, 18, NULL, NULL),
(2545, 817783, NULL, 33, NULL, NULL, 12, NULL, NULL),
(2546, 744714, NULL, 19, NULL, NULL, 8, NULL, NULL),
(2547, 807077, NULL, 11, NULL, NULL, 22, NULL, NULL),
(2548, 853914, NULL, 4, NULL, NULL, 17, NULL, NULL),
(2549, 742111, NULL, 10, NULL, NULL, 16, NULL, NULL),
(2550, 807077, NULL, 28, NULL, NULL, 26, NULL, NULL),
(2551, 802629, NULL, 5, NULL, NULL, 25, NULL, NULL),
(2552, 787518, NULL, 22, NULL, NULL, 13, NULL, NULL),
(2553, 807803, NULL, 4, NULL, NULL, 3, NULL, NULL),
(2554, 869323, NULL, 5, NULL, NULL, 28, NULL, NULL),
(2555, 844792, NULL, 14, NULL, NULL, 14, NULL, NULL),
(2556, 853914, NULL, 5, NULL, NULL, 28, NULL, NULL),
(2557, 800237, NULL, 21, NULL, NULL, 13, NULL, NULL),
(2558, 853914, NULL, 20, NULL, NULL, 6, NULL, NULL),
(2559, 770419, NULL, 1, NULL, NULL, 27, NULL, NULL),
(2560, 817783, NULL, 12, NULL, NULL, 6, NULL, NULL),
(2561, 802629, NULL, 29, NULL, NULL, 15, NULL, NULL),
(2562, 844792, NULL, 16, NULL, NULL, 14, NULL, NULL),
(2563, 807803, NULL, 15, NULL, NULL, 11, NULL, NULL),
(2564, 802233, NULL, 1, NULL, NULL, 7, NULL, NULL),
(2565, 897475, NULL, 18, NULL, NULL, 3, NULL, NULL),
(2566, 724281, NULL, 12, NULL, NULL, 10, NULL, NULL),
(2567, 853914, NULL, 0, NULL, NULL, 26, NULL, NULL),
(2568, 863481, NULL, 14, NULL, NULL, 12, NULL, NULL),
(2569, 838243, NULL, 3, NULL, NULL, 17, NULL, NULL),
(2570, 800237, NULL, 30, NULL, NULL, 1, NULL, NULL),
(2571, 802355, NULL, 9, NULL, NULL, 19, NULL, NULL),
(2572, 877825, NULL, 19, NULL, NULL, 12, NULL, NULL),
(2573, 864830, NULL, 12, NULL, NULL, 22, NULL, NULL),
(2574, 844792, NULL, 13, NULL, NULL, 1, NULL, NULL),
(2575, 844792, NULL, 23, NULL, NULL, 9, NULL, NULL),
(2576, 869323, NULL, 25, NULL, NULL, 3, NULL, NULL),
(2577, 739065, NULL, 32, NULL, NULL, 8, NULL, NULL),
(2578, 671443, NULL, 13, NULL, NULL, 15, NULL, NULL),
(2579, 802355, NULL, 3, NULL, NULL, 1, NULL, NULL),
(2580, 879088, NULL, 17, NULL, NULL, 5, NULL, NULL),
(2581, 886572, NULL, 10, NULL, NULL, 14, NULL, NULL),
(2582, 802629, NULL, 20, NULL, NULL, 12, NULL, NULL),
(2583, 869323, NULL, 5, NULL, NULL, 17, NULL, NULL),
(2584, 892053, NULL, 21, NULL, NULL, 13, NULL, NULL),
(2585, 864830, NULL, 8, NULL, NULL, 6, NULL, NULL),
(2586, 742111, NULL, 13, NULL, NULL, 2, NULL, NULL),
(2587, 800237, NULL, 9, NULL, NULL, 14, NULL, NULL),
(2588, 802355, NULL, 24, NULL, NULL, 17, NULL, NULL),
(2589, 739065, NULL, 33, NULL, NULL, 24, NULL, NULL),
(2590, 879088, NULL, 24, NULL, NULL, 28, NULL, NULL),
(2591, 671443, NULL, 25, NULL, NULL, 3, NULL, NULL),
(2592, 724281, NULL, 19, NULL, NULL, 25, NULL, NULL),
(2593, 802233, NULL, 32, NULL, NULL, 1, NULL, NULL),
(2594, 788306, NULL, 4, NULL, NULL, 24, NULL, NULL),
(2595, 721563, NULL, 10, NULL, NULL, 7, NULL, NULL),
(2596, 721563, NULL, 18, NULL, NULL, 21, NULL, NULL),
(2597, 879088, NULL, 22, NULL, NULL, 12, NULL, NULL),
(2598, 853914, NULL, 21, NULL, NULL, 19, NULL, NULL),
(2599, 897475, NULL, 16, NULL, NULL, 21, NULL, NULL),
(2600, 864830, NULL, 3, NULL, NULL, 27, NULL, NULL),
(2601, 787518, NULL, 31, NULL, NULL, 8, NULL, NULL),
(2602, 864830, NULL, 24, NULL, NULL, 3, NULL, NULL),
(2603, 879088, NULL, 16, NULL, NULL, 25, NULL, NULL),
(2604, 671443, NULL, 21, NULL, NULL, 15, NULL, NULL),
(2605, 799828, NULL, 1, NULL, NULL, 21, NULL, NULL),
(2606, 787518, NULL, 21, NULL, NULL, 5, NULL, NULL),
(2607, 721563, NULL, 29, NULL, NULL, 14, NULL, NULL),
(2608, 853914, NULL, 3, NULL, NULL, 4, NULL, NULL),
(2609, 869323, NULL, 12, NULL, NULL, 15, NULL, NULL),
(2610, 859742, NULL, 13, NULL, NULL, 15, NULL, NULL),
(2611, 770419, NULL, 10, NULL, NULL, 5, NULL, NULL),
(2612, 802629, NULL, 21, NULL, NULL, 22, NULL, NULL),
(2613, 807803, NULL, 10, NULL, NULL, 23, NULL, NULL),
(2614, 739065, NULL, 25, NULL, NULL, 1, NULL, NULL),
(2615, 709922, NULL, 20, NULL, NULL, 21, NULL, NULL),
(2616, 807077, NULL, 3, NULL, NULL, 24, NULL, NULL),
(2617, 844081, NULL, 27, NULL, NULL, 21, NULL, NULL),
(2618, 863481, NULL, 1, NULL, NULL, 7, NULL, NULL),
(2619, 807803, NULL, 33, NULL, NULL, 6, NULL, NULL),
(2620, 897475, NULL, 16, NULL, NULL, 19, NULL, NULL),
(2621, 807077, NULL, 5, NULL, NULL, 28, NULL, NULL),
(2622, 844792, NULL, 1, NULL, NULL, 28, NULL, NULL),
(2623, 838243, NULL, 7, NULL, NULL, 8, NULL, NULL),
(2624, 886572, NULL, 7, NULL, NULL, 21, NULL, NULL),
(2625, 799828, NULL, 7, NULL, NULL, 1, NULL, NULL),
(2626, 853914, NULL, 24, NULL, NULL, 15, NULL, NULL),
(2627, 802629, NULL, 9, NULL, NULL, 9, NULL, NULL),
(2628, 787518, NULL, 27, NULL, NULL, 12, NULL, NULL),
(2629, 886572, NULL, 9, NULL, NULL, 27, NULL, NULL),
(2630, 886572, NULL, 14, NULL, NULL, 7, NULL, NULL),
(2631, 817783, NULL, 30, NULL, NULL, 15, NULL, NULL),
(2632, 787030, NULL, 19, NULL, NULL, 22, NULL, NULL),
(2633, 774533, NULL, 6, NULL, NULL, 23, NULL, NULL),
(2634, 724281, NULL, 10, NULL, NULL, 14, NULL, NULL),
(2635, 744714, NULL, 7, NULL, NULL, 16, NULL, NULL),
(2636, 802233, NULL, 22, NULL, NULL, 17, NULL, NULL),
(2637, 892053, NULL, 8, NULL, NULL, 4, NULL, NULL),
(2638, 671443, NULL, 28, NULL, NULL, 12, NULL, NULL),
(2639, 802233, NULL, 28, NULL, NULL, 4, NULL, NULL),
(2640, 853914, NULL, 22, NULL, NULL, 25, NULL, NULL),
(2641, 774533, NULL, 32, NULL, NULL, 24, NULL, NULL),
(2642, 864830, NULL, 30, NULL, NULL, 25, NULL, NULL),
(2643, 802233, NULL, 29, NULL, NULL, 19, NULL, NULL),
(2644, 721563, NULL, 22, NULL, NULL, 3, NULL, NULL),
(2645, 724281, NULL, 18, NULL, NULL, 28, NULL, NULL),
(2646, 838243, NULL, 20, NULL, NULL, 5, NULL, NULL),
(2647, 802629, NULL, 28, NULL, NULL, 5, NULL, NULL),
(2648, 770419, NULL, 30, NULL, NULL, 22, NULL, NULL),
(2649, 844081, NULL, 10, NULL, NULL, 21, NULL, NULL),
(2650, 886572, NULL, 34, NULL, NULL, 10, NULL, NULL),
(2651, 863481, NULL, 20, NULL, NULL, 8, NULL, NULL),
(2652, 863481, NULL, 0, NULL, NULL, 24, NULL, NULL),
(2653, 721563, NULL, 0, NULL, NULL, 6, NULL, NULL),
(2654, 671443, NULL, 10, NULL, NULL, 17, NULL, NULL),
(2655, 799828, NULL, 14, NULL, NULL, 14, NULL, NULL),
(2656, 859742, NULL, 11, NULL, NULL, 14, NULL, NULL),
(2657, 694830, NULL, 25, NULL, NULL, 18, NULL, NULL),
(2658, 787518, NULL, 9, NULL, NULL, 10, NULL, NULL),
(2659, 892053, NULL, 8, NULL, NULL, 13, NULL, NULL),
(2660, 799828, NULL, 26, NULL, NULL, 19, NULL, NULL),
(2661, 802355, NULL, 14, NULL, NULL, 22, NULL, NULL),
(2662, 838243, NULL, 0, NULL, NULL, 7, NULL, NULL),
(2663, 864830, NULL, 15, NULL, NULL, 11, NULL, NULL),
(2664, 721563, NULL, 6, NULL, NULL, 26, NULL, NULL),
(2665, 864830, NULL, 27, NULL, NULL, 17, NULL, NULL),
(2666, 863481, NULL, 17, NULL, NULL, 10, NULL, NULL),
(2667, 844792, NULL, 16, NULL, NULL, 19, NULL, NULL),
(2668, 802233, NULL, 3, NULL, NULL, 9, NULL, NULL),
(2669, 774533, NULL, 31, NULL, NULL, 2, NULL, NULL),
(2670, 844792, NULL, 7, NULL, NULL, 4, NULL, NULL),
(2671, 799828, NULL, 22, NULL, NULL, 3, NULL, NULL),
(2672, 802233, NULL, 28, NULL, NULL, 5, NULL, NULL),
(2673, 877825, NULL, 33, NULL, NULL, 5, NULL, NULL),
(2674, 671443, NULL, 24, NULL, NULL, 23, NULL, NULL),
(2675, 774533, NULL, 7, NULL, NULL, 18, NULL, NULL),
(2676, 807803, NULL, 17, NULL, NULL, 15, NULL, NULL),
(2677, 897475, NULL, 6, NULL, NULL, 10, NULL, NULL),
(2678, 787030, NULL, 22, NULL, NULL, 19, NULL, NULL),
(2679, 844792, NULL, 10, NULL, NULL, 25, NULL, NULL),
(2680, 892053, NULL, 5, NULL, NULL, 4, NULL, NULL),
(2681, 869323, NULL, 32, NULL, NULL, 6, NULL, NULL),
(2682, 694830, NULL, 8, NULL, NULL, 1, NULL, NULL),
(2683, 671443, NULL, 0, NULL, NULL, 9, NULL, NULL),
(2684, 770419, NULL, 9, NULL, NULL, 20, NULL, NULL),
(2685, 671443, NULL, 18, NULL, NULL, 28, NULL, NULL),
(2686, 742111, NULL, 2, NULL, NULL, 25, NULL, NULL),
(2687, 694830, NULL, 3, NULL, NULL, 3, NULL, NULL),
(2688, 694830, NULL, 21, NULL, NULL, 10, NULL, NULL),
(2689, 671443, NULL, 2, NULL, NULL, 6, NULL, NULL),
(2690, 879088, NULL, 3, NULL, NULL, 21, NULL, NULL),
(2691, 744714, NULL, 12, NULL, NULL, 11, NULL, NULL),
(2692, 807077, NULL, 14, NULL, NULL, 24, NULL, NULL),
(2693, 787518, NULL, 17, NULL, NULL, 26, NULL, NULL),
(2694, 788306, NULL, 21, NULL, NULL, 6, NULL, NULL),
(2695, 742111, NULL, 23, NULL, NULL, 8, NULL, NULL),
(2696, 774533, NULL, 7, NULL, NULL, 14, NULL, NULL),
(2697, 844081, NULL, 34, NULL, NULL, 21, NULL, NULL),
(2698, 800237, NULL, 28, NULL, NULL, 24, NULL, NULL),
(2699, 863481, NULL, 4, NULL, NULL, 25, NULL, NULL),
(2700, 770419, NULL, 24, NULL, NULL, 2, NULL, NULL),
(2701, 807077, NULL, 23, NULL, NULL, 25, NULL, NULL),
(2702, 802629, NULL, 22, NULL, NULL, 8, NULL, NULL),
(2703, 799828, NULL, 27, NULL, NULL, 28, NULL, NULL),
(2704, 770419, NULL, 3, NULL, NULL, 7, NULL, NULL),
(2705, 859742, NULL, 15, NULL, NULL, 2, NULL, NULL),
(2706, 787030, NULL, 21, NULL, NULL, 8, NULL, NULL),
(2707, 724281, NULL, 20, NULL, NULL, 17, NULL, NULL),
(2708, 802629, NULL, 6, NULL, NULL, 25, NULL, NULL),
(2709, 774533, NULL, 6, NULL, NULL, 9, NULL, NULL),
(2710, 892053, NULL, 22, NULL, NULL, 5, NULL, NULL),
(2711, 721563, NULL, 31, NULL, NULL, 2, NULL, NULL),
(2712, 817783, NULL, 24, NULL, NULL, 9, NULL, NULL),
(2713, 787030, NULL, 13, NULL, NULL, 22, NULL, NULL),
(2714, 844792, NULL, 23, NULL, NULL, 13, NULL, NULL),
(2715, 892053, NULL, 20, NULL, NULL, 2, NULL, NULL),
(2716, 817783, NULL, 26, NULL, NULL, 10, NULL, NULL),
(2717, 721563, NULL, 30, NULL, NULL, 23, NULL, NULL),
(2718, 838243, NULL, 24, NULL, NULL, 23, NULL, NULL),
(2719, 770419, NULL, 29, NULL, NULL, 17, NULL, NULL),
(2720, 892053, NULL, 26, NULL, NULL, 4, NULL, NULL),
(2721, 724281, NULL, 28, NULL, NULL, 16, NULL, NULL),
(2722, 802233, NULL, 32, NULL, NULL, 21, NULL, NULL),
(2723, 774533, NULL, 7, NULL, NULL, 14, NULL, NULL),
(2724, 770419, NULL, 10, NULL, NULL, 28, NULL, NULL),
(2725, 879088, NULL, 14, NULL, NULL, 9, NULL, NULL),
(2726, 869323, NULL, 21, NULL, NULL, 7, NULL, NULL),
(2727, 892053, NULL, 4, NULL, NULL, 3, NULL, NULL),
(2728, 892053, NULL, 22, NULL, NULL, 2, NULL, NULL),
(2729, 739065, NULL, 13, NULL, NULL, 9, NULL, NULL),
(2730, 879088, NULL, 25, NULL, NULL, 5, NULL, NULL),
(2731, 817783, NULL, 8, NULL, NULL, 27, NULL, NULL),
(2732, 802629, NULL, 17, NULL, NULL, 4, NULL, NULL),
(2733, 774533, NULL, 1, NULL, NULL, 7, NULL, NULL),
(2734, 817783, NULL, 14, NULL, NULL, 7, NULL, NULL),
(2735, 838243, NULL, 13, NULL, NULL, 26, NULL, NULL),
(2736, 807803, NULL, 5, NULL, NULL, 27, NULL, NULL),
(2737, 879088, NULL, 19, NULL, NULL, 14, NULL, NULL),
(2738, 853914, NULL, 9, NULL, NULL, 26, NULL, NULL),
(2739, 879088, NULL, 17, NULL, NULL, 20, NULL, NULL),
(2740, 844081, NULL, 21, NULL, NULL, 9, NULL, NULL),
(2741, 879088, NULL, 1, NULL, NULL, 3, NULL, NULL),
(2742, 787518, NULL, 12, NULL, NULL, 15, NULL, NULL),
(2743, 879088, NULL, 20, NULL, NULL, 8, NULL, NULL),
(2744, 800237, NULL, 6, NULL, NULL, 5, NULL, NULL),
(2745, 800237, NULL, 31, NULL, NULL, 27, NULL, NULL),
(2746, 787030, NULL, 10, NULL, NULL, 21, NULL, NULL),
(2747, 886572, NULL, 0, NULL, NULL, 13, NULL, NULL),
(2748, 774533, NULL, 28, NULL, NULL, 13, NULL, NULL),
(2749, 892053, NULL, 32, NULL, NULL, 1, NULL, NULL),
(2750, 807077, NULL, 27, NULL, NULL, 21, NULL, NULL),
(2751, 886572, NULL, 15, NULL, NULL, 16, NULL, NULL),
(2752, 892053, NULL, 12, NULL, NULL, 15, NULL, NULL),
(2753, 671443, NULL, 34, NULL, NULL, 8, NULL, NULL),
(2754, 886572, NULL, 1, NULL, NULL, 8, NULL, NULL),
(2755, 892053, NULL, 31, NULL, NULL, 3, NULL, NULL),
(2756, 770419, NULL, 18, NULL, NULL, 24, NULL, NULL),
(2757, 724281, NULL, 29, NULL, NULL, 1, NULL, NULL),
(2758, 864830, NULL, 34, NULL, NULL, 7, NULL, NULL),
(2759, 844081, NULL, 30, NULL, NULL, 20, NULL, NULL),
(2760, 739065, NULL, 29, NULL, NULL, 24, NULL, NULL),
(2761, 869323, NULL, 8, NULL, NULL, 2, NULL, NULL),
(2762, 853914, NULL, 27, NULL, NULL, 10, NULL, NULL),
(2763, 897475, NULL, 12, NULL, NULL, 2, NULL, NULL),
(2764, 877825, NULL, 21, NULL, NULL, 26, NULL, NULL),
(2765, 694830, NULL, 5, NULL, NULL, 22, NULL, NULL),
(2766, 838243, NULL, 13, NULL, NULL, 22, NULL, NULL),
(2767, 802355, NULL, 30, NULL, NULL, 3, NULL, NULL),
(2768, 802355, NULL, 4, NULL, NULL, 14, NULL, NULL),
(2769, 877825, NULL, 27, NULL, NULL, 1, NULL, NULL),
(2770, 838243, NULL, 27, NULL, NULL, 3, NULL, NULL),
(2771, 892053, NULL, 19, NULL, NULL, 21, NULL, NULL),
(2772, 817783, NULL, 1, NULL, NULL, 23, NULL, NULL),
(2773, 799828, NULL, 17, NULL, NULL, 5, NULL, NULL),
(2774, 864830, NULL, 4, NULL, NULL, 13, NULL, NULL),
(2775, 788306, NULL, 28, NULL, NULL, 24, NULL, NULL),
(2776, 897475, NULL, 17, NULL, NULL, 17, NULL, NULL),
(2777, 802629, NULL, 1, NULL, NULL, 15, NULL, NULL),
(2778, 770419, NULL, 32, NULL, NULL, 6, NULL, NULL),
(2779, 853914, NULL, 3, NULL, NULL, 24, NULL, NULL),
(2780, 817783, NULL, 32, NULL, NULL, 23, NULL, NULL),
(2781, 694830, NULL, 31, NULL, NULL, 4, NULL, NULL),
(2782, 802629, NULL, 26, NULL, NULL, 3, NULL, NULL),
(2783, 739065, NULL, 10, NULL, NULL, 17, NULL, NULL),
(2784, 802233, NULL, 33, NULL, NULL, 9, NULL, NULL),
(2785, 724281, NULL, 23, NULL, NULL, 15, NULL, NULL),
(2786, 787518, NULL, 32, NULL, NULL, 25, NULL, NULL),
(2787, 744714, NULL, 24, NULL, NULL, 8, NULL, NULL),
(2788, 844081, NULL, 16, NULL, NULL, 6, NULL, NULL),
(2789, 869323, NULL, 30, NULL, NULL, 28, NULL, NULL),
(2790, 742111, NULL, 7, NULL, NULL, 8, NULL, NULL),
(2791, 799828, NULL, 26, NULL, NULL, 11, NULL, NULL),
(2792, 892053, NULL, 22, NULL, NULL, 23, NULL, NULL),
(2793, 817783, NULL, 6, NULL, NULL, 27, NULL, NULL),
(2794, 864830, NULL, 7, NULL, NULL, 12, NULL, NULL),
(2795, 807077, NULL, 27, NULL, NULL, 26, NULL, NULL),
(2796, 844792, NULL, 28, NULL, NULL, 9, NULL, NULL),
(2797, 744714, NULL, 5, NULL, NULL, 1, NULL, NULL),
(2798, 788306, NULL, 13, NULL, NULL, 13, NULL, NULL),
(2799, 787030, NULL, 13, NULL, NULL, 5, NULL, NULL),
(2800, 879088, NULL, 28, NULL, NULL, 19, NULL, NULL),
(2801, 859742, NULL, 18, NULL, NULL, 21, NULL, NULL),
(2802, 799828, NULL, 10, NULL, NULL, 5, NULL, NULL),
(2803, 892053, NULL, 2, NULL, NULL, 11, NULL, NULL),
(2804, 802629, NULL, 20, NULL, NULL, 13, NULL, NULL),
(2805, 787030, NULL, 15, NULL, NULL, 18, NULL, NULL),
(2806, 859742, NULL, 29, NULL, NULL, 9, NULL, NULL),
(2807, 838243, NULL, 10, NULL, NULL, 19, NULL, NULL),
(2808, 787030, NULL, 5, NULL, NULL, 17, NULL, NULL),
(2809, 709922, NULL, 29, NULL, NULL, 22, NULL, NULL),
(2810, 694830, NULL, 17, NULL, NULL, 3, NULL, NULL),
(2811, 807803, NULL, 25, NULL, NULL, 7, NULL, NULL),
(2812, 774533, NULL, 30, NULL, NULL, 22, NULL, NULL),
(2813, 724281, NULL, 20, NULL, NULL, 16, NULL, NULL),
(2814, 709922, NULL, 0, NULL, NULL, 11, NULL, NULL),
(2815, 787518, NULL, 3, NULL, NULL, 7, NULL, NULL),
(2816, 709922, NULL, 0, NULL, NULL, 16, NULL, NULL),
(2817, 802355, NULL, 19, NULL, NULL, 11, NULL, NULL),
(2818, 844792, NULL, 15, NULL, NULL, 27, NULL, NULL),
(2819, 799828, NULL, 16, NULL, NULL, 3, NULL, NULL),
(2820, 774533, NULL, 29, NULL, NULL, 4, NULL, NULL),
(2821, 800237, NULL, 16, NULL, NULL, 28, NULL, NULL),
(2822, 694830, NULL, 30, NULL, NULL, 16, NULL, NULL),
(2823, 886572, NULL, 18, NULL, NULL, 9, NULL, NULL),
(2824, 817783, NULL, 28, NULL, NULL, 24, NULL, NULL),
(2825, 897475, NULL, 33, NULL, NULL, 19, NULL, NULL),
(2826, 802355, NULL, 1, NULL, NULL, 12, NULL, NULL),
(2827, 897475, NULL, 26, NULL, NULL, 15, NULL, NULL),
(2828, 739065, NULL, 22, NULL, NULL, 2, NULL, NULL),
(2829, 802629, NULL, 9, NULL, NULL, 16, NULL, NULL),
(2830, 817783, NULL, 34, NULL, NULL, 2, NULL, NULL),
(2831, 724281, NULL, 8, NULL, NULL, 18, NULL, NULL),
(2832, 709922, NULL, 33, NULL, NULL, 26, NULL, NULL),
(2833, 671443, NULL, 32, NULL, NULL, 8, NULL, NULL),
(2834, 886572, NULL, 11, NULL, NULL, 15, NULL, NULL),
(2835, 886572, NULL, 30, NULL, NULL, 26, NULL, NULL),
(2836, 802629, NULL, 15, NULL, NULL, 2, NULL, NULL),
(2837, 800237, NULL, 20, NULL, NULL, 15, NULL, NULL),
(2838, 802233, NULL, 10, NULL, NULL, 21, NULL, NULL),
(2839, 802629, NULL, 19, NULL, NULL, 10, NULL, NULL),
(2840, 817783, NULL, 3, NULL, NULL, 23, NULL, NULL),
(2841, 844081, NULL, 9, NULL, NULL, 14, NULL, NULL),
(2842, 863481, NULL, 2, NULL, NULL, 14, NULL, NULL),
(2843, 807077, NULL, 29, NULL, NULL, 8, NULL, NULL),
(2844, 838243, NULL, 33, NULL, NULL, 22, NULL, NULL),
(2845, 802233, NULL, 32, NULL, NULL, 9, NULL, NULL),
(2846, 807077, NULL, 9, NULL, NULL, 27, NULL, NULL),
(2847, 721563, NULL, 26, NULL, NULL, 3, NULL, NULL),
(2848, 844081, NULL, 20, NULL, NULL, 6, NULL, NULL),
(2849, 863481, NULL, 13, NULL, NULL, 18, NULL, NULL),
(2850, 807077, NULL, 32, NULL, NULL, 9, NULL, NULL),
(2851, 721563, NULL, 25, NULL, NULL, 21, NULL, NULL),
(2852, 802629, NULL, 13, NULL, NULL, 21, NULL, NULL),
(2853, 807803, NULL, 15, NULL, NULL, 10, NULL, NULL),
(2854, 807803, NULL, 0, NULL, NULL, 25, NULL, NULL),
(2855, 774533, NULL, 26, NULL, NULL, 3, NULL, NULL),
(2856, 799828, NULL, 3, NULL, NULL, 3, NULL, NULL),
(2857, 709922, NULL, 21, NULL, NULL, 24, NULL, NULL),
(2858, 770419, NULL, 12, NULL, NULL, 17, NULL, NULL),
(2859, 853914, NULL, 7, NULL, NULL, 2, NULL, NULL),
(2860, 742111, NULL, 20, NULL, NULL, 20, NULL, NULL),
(2861, 774533, NULL, 26, NULL, NULL, 6, NULL, NULL),
(2862, 807077, NULL, 19, NULL, NULL, 7, NULL, NULL),
(2863, 807803, NULL, 21, NULL, NULL, 24, NULL, NULL),
(2864, 694830, NULL, 21, NULL, NULL, 1, NULL, NULL),
(2865, 817783, NULL, 27, NULL, NULL, 26, NULL, NULL),
(2866, 892053, NULL, 2, NULL, NULL, 8, NULL, NULL),
(2867, 859742, NULL, 17, NULL, NULL, 10, NULL, NULL),
(2868, 709922, NULL, 0, NULL, NULL, 12, NULL, NULL),
(2869, 844792, NULL, 5, NULL, NULL, 25, NULL, NULL),
(2870, 739065, NULL, 20, NULL, NULL, 21, NULL, NULL),
(2871, 869323, NULL, 8, NULL, NULL, 25, NULL, NULL),
(2872, 863481, NULL, 32, NULL, NULL, 3, NULL, NULL),
(2873, 774533, NULL, 8, NULL, NULL, 4, NULL, NULL),
(2874, 800237, NULL, 30, NULL, NULL, 1, NULL, NULL),
(2875, 742111, NULL, 12, NULL, NULL, 8, NULL, NULL),
(2876, 721563, NULL, 29, NULL, NULL, 13, NULL, NULL),
(2877, 709922, NULL, 0, NULL, NULL, 17, NULL, NULL),
(2878, 877825, NULL, 21, NULL, NULL, 9, NULL, NULL),
(2879, 802629, NULL, 17, NULL, NULL, 14, NULL, NULL),
(2880, 897475, NULL, 31, NULL, NULL, 4, NULL, NULL),
(2881, 799828, NULL, 2, NULL, NULL, 17, NULL, NULL),
(2882, 807077, NULL, 15, NULL, NULL, 13, NULL, NULL),
(2883, 877825, NULL, 16, NULL, NULL, 8, NULL, NULL),
(2884, 892053, NULL, 26, NULL, NULL, 9, NULL, NULL),
(2885, 671443, NULL, 17, NULL, NULL, 3, NULL, NULL),
(2886, 802629, NULL, 17, NULL, NULL, 17, NULL, NULL),
(2887, 863481, NULL, 26, NULL, NULL, 16, NULL, NULL),
(2888, 859742, NULL, 15, NULL, NULL, 21, NULL, NULL),
(2889, 787030, NULL, 11, NULL, NULL, 18, NULL, NULL),
(2890, 802233, NULL, 6, NULL, NULL, 25, NULL, NULL),
(2891, 807803, NULL, 34, NULL, NULL, 28, NULL, NULL),
(2892, 877825, NULL, 6, NULL, NULL, 8, NULL, NULL),
(2893, 799828, NULL, 32, NULL, NULL, 18, NULL, NULL),
(2894, 709922, NULL, 25, NULL, NULL, 19, NULL, NULL),
(2895, 744714, NULL, 22, NULL, NULL, 17, NULL, NULL),
(2896, 787518, NULL, 32, NULL, NULL, 15, NULL, NULL),
(2897, 864830, NULL, 10, NULL, NULL, 5, NULL, NULL),
(2898, 807803, NULL, 11, NULL, NULL, 19, NULL, NULL),
(2899, 838243, NULL, 31, NULL, NULL, 14, NULL, NULL),
(2900, 892053, NULL, 4, NULL, NULL, 27, NULL, NULL),
(2901, 774533, NULL, 24, NULL, NULL, 22, NULL, NULL),
(2902, 802355, NULL, 0, NULL, NULL, 2, NULL, NULL),
(2903, 721563, NULL, 11, NULL, NULL, 5, NULL, NULL),
(2904, 807803, NULL, 21, NULL, NULL, 14, NULL, NULL),
(2905, 853914, NULL, 15, NULL, NULL, 16, NULL, NULL),
(2906, 787518, NULL, 13, NULL, NULL, 19, NULL, NULL),
(2907, 744714, NULL, 13, NULL, NULL, 2, NULL, NULL),
(2908, 807803, NULL, 23, NULL, NULL, 9, NULL, NULL),
(2909, 800237, NULL, 4, NULL, NULL, 11, NULL, NULL),
(2910, 807077, NULL, 22, NULL, NULL, 8, NULL, NULL),
(2911, 721563, NULL, 9, NULL, NULL, 17, NULL, NULL),
(2912, 879088, NULL, 27, NULL, NULL, 1, NULL, NULL),
(2913, 694830, NULL, 30, NULL, NULL, 13, NULL, NULL),
(2914, 671443, NULL, 13, NULL, NULL, 28, NULL, NULL),
(2915, 742111, NULL, 33, NULL, NULL, 27, NULL, NULL),
(2916, 694830, NULL, 33, NULL, NULL, 2, NULL, NULL),
(2917, 671443, NULL, 29, NULL, NULL, 24, NULL, NULL),
(2918, 709922, NULL, 2, NULL, NULL, 19, NULL, NULL),
(2919, 817783, NULL, 22, NULL, NULL, 26, NULL, NULL),
(2920, 739065, NULL, 15, NULL, NULL, 24, NULL, NULL),
(2921, 788306, NULL, 32, NULL, NULL, 7, NULL, NULL),
(2922, 892053, NULL, 28, NULL, NULL, 15, NULL, NULL),
(2923, 802355, NULL, 24, NULL, NULL, 17, NULL, NULL),
(2924, 879088, NULL, 16, NULL, NULL, 4, NULL, NULL),
(2925, 770419, NULL, 10, NULL, NULL, 13, NULL, NULL),
(2926, 770419, NULL, 31, NULL, NULL, 21, NULL, NULL),
(2927, 694830, NULL, 14, NULL, NULL, 5, NULL, NULL),
(2928, 844792, NULL, 4, NULL, NULL, 24, NULL, NULL),
(2929, 787518, NULL, 25, NULL, NULL, 18, NULL, NULL),
(2930, 844081, NULL, 27, NULL, NULL, 10, NULL, NULL),
(2931, 709922, NULL, 34, NULL, NULL, 6, NULL, NULL),
(2932, 744714, NULL, 2, NULL, NULL, 24, NULL, NULL),
(2933, 853914, NULL, 29, NULL, NULL, 1, NULL, NULL),
(2934, 802355, NULL, 8, NULL, NULL, 3, NULL, NULL),
(2935, 744714, NULL, 2, NULL, NULL, 10, NULL, NULL),
(2936, 802355, NULL, 28, NULL, NULL, 3, NULL, NULL),
(2937, 709922, NULL, 34, NULL, NULL, 25, NULL, NULL),
(2938, 817783, NULL, 1, NULL, NULL, 22, NULL, NULL),
(2939, 853914, NULL, 10, NULL, NULL, 15, NULL, NULL),
(2940, 709922, NULL, 1, NULL, NULL, 17, NULL, NULL),
(2941, 807803, NULL, 16, NULL, NULL, 15, NULL, NULL),
(2942, 802355, NULL, 28, NULL, NULL, 2, NULL, NULL),
(2943, 897475, NULL, 8, NULL, NULL, 22, NULL, NULL),
(2944, 671443, NULL, 8, NULL, NULL, 11, NULL, NULL),
(2945, 892053, NULL, 4, NULL, NULL, 27, NULL, NULL),
(2946, 721563, NULL, 1, NULL, NULL, 27, NULL, NULL),
(2947, 853914, NULL, 26, NULL, NULL, 2, NULL, NULL),
(2948, 694830, NULL, 14, NULL, NULL, 24, NULL, NULL),
(2949, 724281, NULL, 33, NULL, NULL, 23, NULL, NULL),
(2950, 770419, NULL, 18, NULL, NULL, 23, NULL, NULL),
(2951, 694830, NULL, 11, NULL, NULL, 1, NULL, NULL),
(2952, 671443, NULL, 28, NULL, NULL, 23, NULL, NULL),
(2953, 787030, NULL, 8, NULL, NULL, 8, NULL, NULL),
(2954, 838243, NULL, 1, NULL, NULL, 22, NULL, NULL),
(2955, 788306, NULL, 9, NULL, NULL, 9, NULL, NULL),
(2956, 671443, NULL, 33, NULL, NULL, 12, NULL, NULL),
(2957, 721563, NULL, 28, NULL, NULL, 24, NULL, NULL),
(2958, 788306, NULL, 31, NULL, NULL, 25, NULL, NULL),
(2959, 897475, NULL, 1, NULL, NULL, 15, NULL, NULL),
(2960, 787030, NULL, 15, NULL, NULL, 3, NULL, NULL),
(2961, 879088, NULL, 19, NULL, NULL, 23, NULL, NULL),
(2962, 694830, NULL, 1, NULL, NULL, 13, NULL, NULL),
(2963, 863481, NULL, 14, NULL, NULL, 22, NULL, NULL),
(2964, 807077, NULL, 23, NULL, NULL, 9, NULL, NULL),
(2965, 788306, NULL, 25, NULL, NULL, 12, NULL, NULL),
(2966, 709922, NULL, 33, NULL, NULL, 5, NULL, NULL),
(2967, 864830, NULL, 16, NULL, NULL, 21, NULL, NULL),
(2968, 739065, NULL, 6, NULL, NULL, 5, NULL, NULL),
(2969, 724281, NULL, 20, NULL, NULL, 2, NULL, NULL),
(2970, 744714, NULL, 17, NULL, NULL, 8, NULL, NULL),
(2971, 721563, NULL, 33, NULL, NULL, 25, NULL, NULL),
(2972, 886572, NULL, 21, NULL, NULL, 22, NULL, NULL),
(2973, 802629, NULL, 8, NULL, NULL, 18, NULL, NULL),
(2974, 694830, NULL, 17, NULL, NULL, 7, NULL, NULL),
(2975, 859742, NULL, 0, NULL, NULL, 19, NULL, NULL);
INSERT INTO `certificado` (`codigo`, `cod_aluno`, `arquivo_certificado`, `quantidade_horas`, `status`, `observacoes`, `cod_atividade`, `nome`, `cod_professor`) VALUES
(2976, 859742, NULL, 11, NULL, NULL, 3, NULL, NULL),
(2977, 788306, NULL, 25, NULL, NULL, 27, NULL, NULL),
(2978, 879088, NULL, 16, NULL, NULL, 27, NULL, NULL),
(2979, 671443, NULL, 17, NULL, NULL, 23, NULL, NULL),
(2980, 744714, NULL, 7, NULL, NULL, 19, NULL, NULL),
(2981, 744714, NULL, 11, NULL, NULL, 20, NULL, NULL),
(2982, 817783, NULL, 10, NULL, NULL, 4, NULL, NULL),
(2983, 709922, NULL, 1, NULL, NULL, 26, NULL, NULL),
(2984, 799828, NULL, 34, NULL, NULL, 6, NULL, NULL),
(2985, 802629, NULL, 15, NULL, NULL, 19, NULL, NULL),
(2986, 807077, NULL, 20, NULL, NULL, 14, NULL, NULL),
(2987, 799828, NULL, 29, NULL, NULL, 27, NULL, NULL),
(2988, 853914, NULL, 1, NULL, NULL, 13, NULL, NULL),
(2989, 770419, NULL, 1, NULL, NULL, 15, NULL, NULL),
(2990, 853914, NULL, 31, NULL, NULL, 18, NULL, NULL),
(2991, 788306, NULL, 13, NULL, NULL, 6, NULL, NULL),
(2992, 807803, NULL, 26, NULL, NULL, 20, NULL, NULL),
(2993, 892053, NULL, 10, NULL, NULL, 10, NULL, NULL),
(2994, 844792, NULL, 0, NULL, NULL, 28, NULL, NULL),
(2995, 774533, NULL, 4, NULL, NULL, 25, NULL, NULL),
(2996, 739065, NULL, 22, NULL, NULL, 28, NULL, NULL),
(2997, 802355, NULL, 0, NULL, NULL, 18, NULL, NULL),
(2998, 788306, NULL, 24, NULL, NULL, 17, NULL, NULL),
(2999, 886572, NULL, 34, NULL, NULL, 23, NULL, NULL),
(3000, 877825, NULL, 8, NULL, NULL, 23, NULL, NULL),
(3001, 744714, NULL, 23, NULL, NULL, 21, NULL, NULL),
(3002, 802629, NULL, 10, NULL, NULL, 3, NULL, NULL),
(3003, 802233, NULL, 13, NULL, NULL, 21, NULL, NULL),
(3004, 787030, NULL, 25, NULL, NULL, 16, NULL, NULL),
(3005, 802355, NULL, 9, NULL, NULL, 20, NULL, NULL),
(3006, 800237, NULL, 31, NULL, NULL, 21, NULL, NULL),
(3007, 694830, NULL, 24, NULL, NULL, 2, NULL, NULL),
(3008, 744714, NULL, 26, NULL, NULL, 12, NULL, NULL),
(3009, 897475, NULL, 9, NULL, NULL, 2, NULL, NULL),
(3010, 742111, NULL, 29, NULL, NULL, 19, NULL, NULL),
(3011, 787030, NULL, 32, NULL, NULL, 26, NULL, NULL),
(3012, 807077, NULL, 34, NULL, NULL, 3, NULL, NULL),
(3013, 694830, NULL, 28, NULL, NULL, 26, NULL, NULL),
(3014, 671443, NULL, 22, NULL, NULL, 9, NULL, NULL),
(3015, 879088, NULL, 11, NULL, NULL, 11, NULL, NULL),
(3016, 864830, NULL, 0, NULL, NULL, 21, NULL, NULL),
(3017, 859742, NULL, 22, NULL, NULL, 12, NULL, NULL),
(3018, 799828, NULL, 24, NULL, NULL, 12, NULL, NULL),
(3019, 724281, NULL, 21, NULL, NULL, 22, NULL, NULL),
(3020, 742111, NULL, 34, NULL, NULL, 4, NULL, NULL),
(3021, 897475, NULL, 28, NULL, NULL, 17, NULL, NULL),
(3022, 877825, NULL, 7, NULL, NULL, 7, NULL, NULL),
(3023, 807077, NULL, 5, NULL, NULL, 27, NULL, NULL),
(3024, 844792, NULL, 18, NULL, NULL, 7, NULL, NULL),
(3025, 817783, NULL, 13, NULL, NULL, 14, NULL, NULL),
(3026, 770419, NULL, 13, NULL, NULL, 2, NULL, NULL),
(3027, 787518, NULL, 1, NULL, NULL, 16, NULL, NULL),
(3028, 744714, NULL, 25, NULL, NULL, 20, NULL, NULL),
(3029, 770419, NULL, 17, NULL, NULL, 25, NULL, NULL),
(3030, 721563, NULL, 9, NULL, NULL, 25, NULL, NULL),
(3031, 671443, NULL, 29, NULL, NULL, 5, NULL, NULL),
(3032, 787030, NULL, 30, NULL, NULL, 24, NULL, NULL),
(3033, 844081, NULL, 15, NULL, NULL, 9, NULL, NULL),
(3034, 744714, NULL, 7, NULL, NULL, 23, NULL, NULL),
(3035, 869323, NULL, 12, NULL, NULL, 24, NULL, NULL),
(3036, 774533, NULL, 23, NULL, NULL, 16, NULL, NULL),
(3037, 886572, NULL, 6, NULL, NULL, 28, NULL, NULL),
(3038, 744714, NULL, 16, NULL, NULL, 21, NULL, NULL),
(3039, 863481, NULL, 1, NULL, NULL, 27, NULL, NULL),
(3040, 879088, NULL, 22, NULL, NULL, 27, NULL, NULL),
(3041, 787030, NULL, 20, NULL, NULL, 11, NULL, NULL),
(3042, 802629, NULL, 30, NULL, NULL, 19, NULL, NULL),
(3043, 724281, NULL, 12, NULL, NULL, 18, NULL, NULL),
(3044, 709922, NULL, 8, NULL, NULL, 16, NULL, NULL),
(3045, 877825, NULL, 34, NULL, NULL, 11, NULL, NULL),
(3046, 817783, NULL, 22, NULL, NULL, 22, NULL, NULL),
(3047, 853914, NULL, 25, NULL, NULL, 23, NULL, NULL),
(3048, 844081, NULL, 31, NULL, NULL, 1, NULL, NULL),
(3049, 671443, NULL, 28, NULL, NULL, 5, NULL, NULL),
(3050, 807077, NULL, 23, NULL, NULL, 5, NULL, NULL),
(3051, 671443, NULL, 19, NULL, NULL, 17, NULL, NULL),
(3052, 788306, NULL, 14, NULL, NULL, 2, NULL, NULL),
(3053, 879088, NULL, 26, NULL, NULL, 9, NULL, NULL),
(3054, 863481, NULL, 4, NULL, NULL, 28, NULL, NULL),
(3055, 788306, NULL, 17, NULL, NULL, 27, NULL, NULL),
(3056, 671443, NULL, 28, NULL, NULL, 20, NULL, NULL),
(3057, 864830, NULL, 12, NULL, NULL, 21, NULL, NULL),
(3058, 721563, NULL, 8, NULL, NULL, 16, NULL, NULL),
(3059, 897475, NULL, 31, NULL, NULL, 4, NULL, NULL),
(3060, 739065, NULL, 18, NULL, NULL, 9, NULL, NULL),
(3061, 886572, NULL, 22, NULL, NULL, 1, NULL, NULL),
(3062, 863481, NULL, 19, NULL, NULL, 13, NULL, NULL),
(3063, 879088, NULL, 17, NULL, NULL, 4, NULL, NULL),
(3064, 799828, NULL, 17, NULL, NULL, 1, NULL, NULL),
(3065, 807077, NULL, 7, NULL, NULL, 13, NULL, NULL),
(3066, 709922, NULL, 7, NULL, NULL, 15, NULL, NULL),
(3067, 671443, NULL, 8, NULL, NULL, 2, NULL, NULL),
(3068, 877825, NULL, 27, NULL, NULL, 24, NULL, NULL),
(3069, 744714, NULL, 22, NULL, NULL, 8, NULL, NULL),
(3070, 886572, NULL, 33, NULL, NULL, 9, NULL, NULL),
(3071, 859742, NULL, 4, NULL, NULL, 23, NULL, NULL),
(3072, 724281, NULL, 28, NULL, NULL, 11, NULL, NULL),
(3073, 802355, NULL, 19, NULL, NULL, 21, NULL, NULL),
(3074, 869323, NULL, 8, NULL, NULL, 26, NULL, NULL),
(3075, 869323, NULL, 9, NULL, NULL, 4, NULL, NULL),
(3076, 864830, NULL, 10, NULL, NULL, 1, NULL, NULL),
(3077, 844081, NULL, 13, NULL, NULL, 1, NULL, NULL),
(3078, 869323, NULL, 12, NULL, NULL, 24, NULL, NULL),
(3079, 844081, NULL, 32, NULL, NULL, 21, NULL, NULL),
(3080, 802629, NULL, 30, NULL, NULL, 10, NULL, NULL),
(3081, 863481, NULL, 31, NULL, NULL, 19, NULL, NULL),
(3082, 671443, NULL, 14, NULL, NULL, 27, NULL, NULL),
(3083, 739065, NULL, 3, NULL, NULL, 10, NULL, NULL),
(3084, 724281, NULL, 20, NULL, NULL, 7, NULL, NULL),
(3085, 800237, NULL, 33, NULL, NULL, 27, NULL, NULL),
(3086, 859742, NULL, 5, NULL, NULL, 9, NULL, NULL),
(3087, 864830, NULL, 11, NULL, NULL, 24, NULL, NULL),
(3088, 694830, NULL, 3, NULL, NULL, 6, NULL, NULL),
(3089, 844081, NULL, 23, NULL, NULL, 18, NULL, NULL),
(3090, 886572, NULL, 11, NULL, NULL, 7, NULL, NULL),
(3091, 869323, NULL, 19, NULL, NULL, 13, NULL, NULL),
(3092, 802629, NULL, 20, NULL, NULL, 1, NULL, NULL),
(3093, 742111, NULL, 20, NULL, NULL, 10, NULL, NULL),
(3094, 774533, NULL, 14, NULL, NULL, 20, NULL, NULL),
(3095, 742111, NULL, 16, NULL, NULL, 4, NULL, NULL),
(3096, 799828, NULL, 32, NULL, NULL, 20, NULL, NULL),
(3097, 774533, NULL, 17, NULL, NULL, 3, NULL, NULL),
(3098, 709922, NULL, 6, NULL, NULL, 18, NULL, NULL),
(3099, 788306, NULL, 31, NULL, NULL, 7, NULL, NULL),
(3100, 799828, NULL, 34, NULL, NULL, 19, NULL, NULL),
(3101, 774533, NULL, 2, NULL, NULL, 2, NULL, NULL),
(3102, 788306, NULL, 29, NULL, NULL, 12, NULL, NULL),
(3103, 807077, NULL, 34, NULL, NULL, 24, NULL, NULL),
(3104, 859742, NULL, 3, NULL, NULL, 18, NULL, NULL),
(3105, 807077, NULL, 16, NULL, NULL, 7, NULL, NULL),
(3106, 864830, NULL, 13, NULL, NULL, 21, NULL, NULL),
(3107, 897475, NULL, 30, NULL, NULL, 3, NULL, NULL),
(3108, 721563, NULL, 5, NULL, NULL, 5, NULL, NULL),
(3109, 742111, NULL, 14, NULL, NULL, 24, NULL, NULL),
(3110, 807803, NULL, 25, NULL, NULL, 19, NULL, NULL),
(3111, 724281, NULL, 1, NULL, NULL, 12, NULL, NULL),
(3112, 802233, NULL, 2, NULL, NULL, 5, NULL, NULL),
(3113, 807077, NULL, 5, NULL, NULL, 19, NULL, NULL),
(3114, 721563, NULL, 7, NULL, NULL, 27, NULL, NULL),
(3115, 853914, NULL, 18, NULL, NULL, 15, NULL, NULL),
(3116, 864830, NULL, 0, NULL, NULL, 25, NULL, NULL),
(3117, 892053, NULL, 17, NULL, NULL, 25, NULL, NULL),
(3118, 844792, NULL, 33, NULL, NULL, 14, NULL, NULL),
(3119, 799828, NULL, 14, NULL, NULL, 6, NULL, NULL),
(3120, 807803, NULL, 16, NULL, NULL, 14, NULL, NULL),
(3121, 770419, NULL, 8, NULL, NULL, 28, NULL, NULL),
(3122, 742111, NULL, 3, NULL, NULL, 28, NULL, NULL),
(3123, 877825, NULL, 2, NULL, NULL, 14, NULL, NULL),
(3124, 838243, NULL, 27, NULL, NULL, 3, NULL, NULL),
(3125, 787030, NULL, 7, NULL, NULL, 6, NULL, NULL),
(3126, 802233, NULL, 19, NULL, NULL, 15, NULL, NULL),
(3127, 788306, NULL, 10, NULL, NULL, 24, NULL, NULL),
(3128, 886572, NULL, 25, NULL, NULL, 1, NULL, NULL),
(3129, 787030, NULL, 26, NULL, NULL, 1, NULL, NULL),
(3130, 774533, NULL, 10, NULL, NULL, 6, NULL, NULL),
(3131, 788306, NULL, 27, NULL, NULL, 2, NULL, NULL),
(3132, 787518, NULL, 29, NULL, NULL, 4, NULL, NULL),
(3133, 799828, NULL, 24, NULL, NULL, 8, NULL, NULL),
(3134, 844792, NULL, 27, NULL, NULL, 3, NULL, NULL),
(3135, 802629, NULL, 9, NULL, NULL, 22, NULL, NULL),
(3136, 886572, NULL, 9, NULL, NULL, 15, NULL, NULL),
(3137, 774533, NULL, 26, NULL, NULL, 9, NULL, NULL),
(3138, 877825, NULL, 8, NULL, NULL, 10, NULL, NULL),
(3139, 886572, NULL, 14, NULL, NULL, 19, NULL, NULL),
(3140, 770419, NULL, 10, NULL, NULL, 14, NULL, NULL),
(3141, 802233, NULL, 11, NULL, NULL, 4, NULL, NULL),
(3142, 671443, NULL, 4, NULL, NULL, 4, NULL, NULL),
(3143, 807077, NULL, 22, NULL, NULL, 9, NULL, NULL),
(3144, 742111, NULL, 15, NULL, NULL, 18, NULL, NULL),
(3145, 844081, NULL, 11, NULL, NULL, 20, NULL, NULL),
(3146, 892053, NULL, 6, NULL, NULL, 11, NULL, NULL),
(3147, 671443, NULL, 12, NULL, NULL, 26, NULL, NULL),
(3148, 838243, NULL, 33, NULL, NULL, 25, NULL, NULL),
(3149, 886572, NULL, 24, NULL, NULL, 1, NULL, NULL),
(3150, 869323, NULL, 23, NULL, NULL, 15, NULL, NULL),
(3151, 799828, NULL, 17, NULL, NULL, 5, NULL, NULL),
(3152, 817783, NULL, 31, NULL, NULL, 20, NULL, NULL),
(3153, 742111, NULL, 22, NULL, NULL, 25, NULL, NULL),
(3154, 694830, NULL, 29, NULL, NULL, 25, NULL, NULL),
(3155, 859742, NULL, 34, NULL, NULL, 8, NULL, NULL),
(3156, 853914, NULL, 11, NULL, NULL, 19, NULL, NULL),
(3157, 844081, NULL, 33, NULL, NULL, 3, NULL, NULL),
(3158, 739065, NULL, 34, NULL, NULL, 14, NULL, NULL),
(3159, 774533, NULL, 22, NULL, NULL, 9, NULL, NULL),
(3160, 788306, NULL, 19, NULL, NULL, 12, NULL, NULL),
(3161, 807803, NULL, 28, NULL, NULL, 8, NULL, NULL),
(3162, 739065, NULL, 5, NULL, NULL, 1, NULL, NULL),
(3163, 802355, NULL, 6, NULL, NULL, 15, NULL, NULL),
(3164, 721563, NULL, 25, NULL, NULL, 20, NULL, NULL),
(3165, 879088, NULL, 22, NULL, NULL, 27, NULL, NULL),
(3166, 799828, NULL, 7, NULL, NULL, 13, NULL, NULL),
(3167, 877825, NULL, 3, NULL, NULL, 6, NULL, NULL),
(3168, 770419, NULL, 15, NULL, NULL, 28, NULL, NULL),
(3169, 802233, NULL, 7, NULL, NULL, 18, NULL, NULL),
(3170, 724281, NULL, 34, NULL, NULL, 6, NULL, NULL),
(3171, 802629, NULL, 19, NULL, NULL, 1, NULL, NULL),
(3172, 744714, NULL, 3, NULL, NULL, 3, NULL, NULL),
(3173, 844081, NULL, 26, NULL, NULL, 7, NULL, NULL),
(3174, 877825, NULL, 0, NULL, NULL, 16, NULL, NULL),
(3175, 787518, NULL, 34, NULL, NULL, 19, NULL, NULL),
(3176, 897475, NULL, 12, NULL, NULL, 24, NULL, NULL),
(3177, 739065, NULL, 11, NULL, NULL, 12, NULL, NULL),
(3178, 671443, NULL, 21, NULL, NULL, 12, NULL, NULL),
(3179, 807077, NULL, 8, NULL, NULL, 14, NULL, NULL),
(3180, 709922, NULL, 23, NULL, NULL, 9, NULL, NULL),
(3181, 800237, NULL, 19, NULL, NULL, 1, NULL, NULL),
(3182, 770419, NULL, 16, NULL, NULL, 1, NULL, NULL),
(3183, 886572, NULL, 5, NULL, NULL, 2, NULL, NULL),
(3184, 802233, NULL, 11, NULL, NULL, 28, NULL, NULL),
(3185, 802233, NULL, 2, NULL, NULL, 14, NULL, NULL),
(3186, 844792, NULL, 31, NULL, NULL, 24, NULL, NULL),
(3187, 788306, NULL, 21, NULL, NULL, 23, NULL, NULL),
(3188, 807077, NULL, 8, NULL, NULL, 26, NULL, NULL),
(3189, 864830, NULL, 29, NULL, NULL, 27, NULL, NULL),
(3190, 742111, NULL, 15, NULL, NULL, 10, NULL, NULL),
(3191, 744714, NULL, 20, NULL, NULL, 18, NULL, NULL),
(3192, 877825, NULL, 29, NULL, NULL, 6, NULL, NULL),
(3193, 739065, NULL, 16, NULL, NULL, 17, NULL, NULL),
(3194, 787030, NULL, 31, NULL, NULL, 7, NULL, NULL),
(3195, 869323, NULL, 4, NULL, NULL, 1, NULL, NULL),
(3196, 863481, NULL, 10, NULL, NULL, 20, NULL, NULL),
(3197, 787518, NULL, 1, NULL, NULL, 23, NULL, NULL),
(3198, 817783, NULL, 7, NULL, NULL, 22, NULL, NULL),
(3199, 739065, NULL, 29, NULL, NULL, 11, NULL, NULL),
(3200, 844081, NULL, 28, NULL, NULL, 9, NULL, NULL),
(3201, 799828, NULL, 15, NULL, NULL, 15, NULL, NULL),
(3202, 838243, NULL, 22, NULL, NULL, 20, NULL, NULL),
(3203, 853914, NULL, 5, NULL, NULL, 2, NULL, NULL),
(3204, 853914, NULL, 14, NULL, NULL, 14, NULL, NULL),
(3205, 897475, NULL, 14, NULL, NULL, 20, NULL, NULL),
(3206, 800237, NULL, 28, NULL, NULL, 14, NULL, NULL),
(3207, 802355, NULL, 8, NULL, NULL, 16, NULL, NULL),
(3208, 869323, NULL, 25, NULL, NULL, 7, NULL, NULL),
(3209, 879088, NULL, 12, NULL, NULL, 5, NULL, NULL),
(3210, 859742, NULL, 28, NULL, NULL, 27, NULL, NULL),
(3211, 853914, NULL, 24, NULL, NULL, 19, NULL, NULL),
(3212, 694830, NULL, 19, NULL, NULL, 23, NULL, NULL),
(3213, 817783, NULL, 13, NULL, NULL, 13, NULL, NULL),
(3214, 859742, NULL, 20, NULL, NULL, 26, NULL, NULL),
(3215, 709922, NULL, 31, NULL, NULL, 20, NULL, NULL),
(3216, 788306, NULL, 3, NULL, NULL, 13, NULL, NULL),
(3217, 802355, NULL, 4, NULL, NULL, 12, NULL, NULL),
(3218, 774533, NULL, 27, NULL, NULL, 18, NULL, NULL),
(3219, 892053, NULL, 19, NULL, NULL, 17, NULL, NULL),
(3220, 802355, NULL, 32, NULL, NULL, 6, NULL, NULL),
(3221, 877825, NULL, 29, NULL, NULL, 2, NULL, NULL),
(3222, 869323, NULL, 2, NULL, NULL, 7, NULL, NULL),
(3223, 844081, NULL, 12, NULL, NULL, 5, NULL, NULL),
(3224, 807803, NULL, 29, NULL, NULL, 25, NULL, NULL),
(3225, 817783, NULL, 17, NULL, NULL, 26, NULL, NULL),
(3226, 799828, NULL, 18, NULL, NULL, 8, NULL, NULL),
(3227, 853914, NULL, 25, NULL, NULL, 23, NULL, NULL),
(3228, 742111, NULL, 2, NULL, NULL, 1, NULL, NULL),
(3229, 892053, NULL, 7, NULL, NULL, 9, NULL, NULL),
(3230, 744714, NULL, 13, NULL, NULL, 24, NULL, NULL),
(3231, 886572, NULL, 20, NULL, NULL, 18, NULL, NULL),
(3232, 897475, NULL, 27, NULL, NULL, 25, NULL, NULL),
(3233, 724281, NULL, 9, NULL, NULL, 23, NULL, NULL),
(3234, 788306, NULL, 32, NULL, NULL, 26, NULL, NULL),
(3235, 897475, NULL, 12, NULL, NULL, 12, NULL, NULL),
(3236, 802355, NULL, 21, NULL, NULL, 24, NULL, NULL),
(3237, 802233, NULL, 12, NULL, NULL, 21, NULL, NULL),
(3238, 864830, NULL, 18, NULL, NULL, 3, NULL, NULL),
(3239, 869323, NULL, 33, NULL, NULL, 15, NULL, NULL),
(3240, 864830, NULL, 8, NULL, NULL, 20, NULL, NULL),
(3241, 869323, NULL, 28, NULL, NULL, 17, NULL, NULL),
(3242, 817783, NULL, 4, NULL, NULL, 27, NULL, NULL),
(3243, 879088, NULL, 23, NULL, NULL, 7, NULL, NULL),
(3244, 838243, NULL, 3, NULL, NULL, 23, NULL, NULL),
(3245, 869323, NULL, 7, NULL, NULL, 24, NULL, NULL),
(3246, 879088, NULL, 25, NULL, NULL, 6, NULL, NULL),
(3247, 897475, NULL, 15, NULL, NULL, 19, NULL, NULL),
(3248, 877825, NULL, 29, NULL, NULL, 9, NULL, NULL),
(3249, 879088, NULL, 20, NULL, NULL, 11, NULL, NULL),
(3250, 807803, NULL, 10, NULL, NULL, 21, NULL, NULL),
(3251, 739065, NULL, 26, NULL, NULL, 3, NULL, NULL),
(3252, 770419, NULL, 13, NULL, NULL, 5, NULL, NULL),
(3253, 886572, NULL, 17, NULL, NULL, 14, NULL, NULL),
(3254, 838243, NULL, 26, NULL, NULL, 11, NULL, NULL),
(3255, 877825, NULL, 8, NULL, NULL, 24, NULL, NULL),
(3256, 788306, NULL, 31, NULL, NULL, 25, NULL, NULL),
(3257, 724281, NULL, 15, NULL, NULL, 5, NULL, NULL),
(3258, 787518, NULL, 6, NULL, NULL, 14, NULL, NULL),
(3259, 853914, NULL, 16, NULL, NULL, 1, NULL, NULL),
(3260, 744714, NULL, 1, NULL, NULL, 27, NULL, NULL),
(3261, 800237, NULL, 6, NULL, NULL, 17, NULL, NULL),
(3262, 709922, NULL, 17, NULL, NULL, 16, NULL, NULL),
(3263, 807803, NULL, 22, NULL, NULL, 22, NULL, NULL),
(3264, 859742, NULL, 0, NULL, NULL, 2, NULL, NULL),
(3265, 739065, NULL, 27, NULL, NULL, 20, NULL, NULL),
(3266, 879088, NULL, 7, NULL, NULL, 9, NULL, NULL),
(3267, 853914, NULL, 16, NULL, NULL, 10, NULL, NULL),
(3268, 807803, NULL, 17, NULL, NULL, 18, NULL, NULL),
(3269, 742111, NULL, 32, NULL, NULL, 19, NULL, NULL),
(3270, 739065, NULL, 31, NULL, NULL, 21, NULL, NULL),
(3271, 807077, NULL, 16, NULL, NULL, 6, NULL, NULL),
(3272, 844081, NULL, 25, NULL, NULL, 12, NULL, NULL),
(3273, 864830, NULL, 1, NULL, NULL, 18, NULL, NULL),
(3274, 844792, NULL, 1, NULL, NULL, 2, NULL, NULL),
(3275, 879088, NULL, 13, NULL, NULL, 6, NULL, NULL),
(3276, 859742, NULL, 30, NULL, NULL, 17, NULL, NULL),
(3277, 694830, NULL, 33, NULL, NULL, 8, NULL, NULL),
(3278, 897475, NULL, 5, NULL, NULL, 1, NULL, NULL),
(3279, 859742, NULL, 22, NULL, NULL, 28, NULL, NULL),
(3280, 742111, NULL, 14, NULL, NULL, 22, NULL, NULL),
(3281, 724281, NULL, 13, NULL, NULL, 7, NULL, NULL),
(3282, 877825, NULL, 13, NULL, NULL, 7, NULL, NULL),
(3283, 742111, NULL, 7, NULL, NULL, 9, NULL, NULL),
(3284, 787518, NULL, 17, NULL, NULL, 15, NULL, NULL),
(3285, 807077, NULL, 6, NULL, NULL, 21, NULL, NULL),
(3286, 799828, NULL, 4, NULL, NULL, 5, NULL, NULL),
(3287, 897475, NULL, 7, NULL, NULL, 1, NULL, NULL),
(3288, 671443, NULL, 9, NULL, NULL, 21, NULL, NULL),
(3289, 807077, NULL, 6, NULL, NULL, 2, NULL, NULL),
(3290, 802233, NULL, 16, NULL, NULL, 7, NULL, NULL),
(3291, 877825, NULL, 9, NULL, NULL, 23, NULL, NULL),
(3292, 853914, NULL, 28, NULL, NULL, 13, NULL, NULL),
(3293, 709922, NULL, 26, NULL, NULL, 18, NULL, NULL),
(3294, 770419, NULL, 21, NULL, NULL, 17, NULL, NULL),
(3295, 864830, NULL, 31, NULL, NULL, 23, NULL, NULL),
(3296, 694830, NULL, 7, NULL, NULL, 9, NULL, NULL),
(3297, 742111, NULL, 13, NULL, NULL, 4, NULL, NULL),
(3298, 787030, NULL, 3, NULL, NULL, 11, NULL, NULL),
(3299, 742111, NULL, 21, NULL, NULL, 3, NULL, NULL),
(3300, 770419, NULL, 29, NULL, NULL, 8, NULL, NULL),
(3301, 744714, NULL, 25, NULL, NULL, 20, NULL, NULL),
(3302, 817783, NULL, 14, NULL, NULL, 25, NULL, NULL),
(3303, 892053, NULL, 10, NULL, NULL, 1, NULL, NULL),
(3304, 802629, NULL, 29, NULL, NULL, 9, NULL, NULL),
(3305, 800237, NULL, 2, NULL, NULL, 13, NULL, NULL),
(3306, 869323, NULL, 16, NULL, NULL, 20, NULL, NULL),
(3307, 892053, NULL, 8, NULL, NULL, 4, NULL, NULL),
(3308, 724281, NULL, 17, NULL, NULL, 17, NULL, NULL),
(3309, 802355, NULL, 15, NULL, NULL, 25, NULL, NULL),
(3310, 886572, NULL, 11, NULL, NULL, 1, NULL, NULL),
(3311, 709922, NULL, 25, NULL, NULL, 23, NULL, NULL),
(3312, 744714, NULL, 23, NULL, NULL, 9, NULL, NULL),
(3313, 800237, NULL, 10, NULL, NULL, 8, NULL, NULL),
(3314, 838243, NULL, 16, NULL, NULL, 19, NULL, NULL),
(3315, 879088, NULL, 2, NULL, NULL, 2, NULL, NULL),
(3316, 838243, NULL, 7, NULL, NULL, 18, NULL, NULL),
(3317, 879088, NULL, 23, NULL, NULL, 26, NULL, NULL),
(3318, 709922, NULL, 31, NULL, NULL, 18, NULL, NULL),
(3319, 802355, NULL, 13, NULL, NULL, 12, NULL, NULL),
(3320, 877825, NULL, 26, NULL, NULL, 4, NULL, NULL),
(3321, 721563, NULL, 1, NULL, NULL, 9, NULL, NULL),
(3322, 817783, NULL, 9, NULL, NULL, 10, NULL, NULL),
(3323, 739065, NULL, 3, NULL, NULL, 28, NULL, NULL),
(3324, 802233, NULL, 21, NULL, NULL, 2, NULL, NULL),
(3325, 721563, NULL, 0, NULL, NULL, 15, NULL, NULL),
(3326, 721563, NULL, 2, NULL, NULL, 1, NULL, NULL),
(3327, 742111, NULL, 27, NULL, NULL, 14, NULL, NULL),
(3328, 863481, NULL, 14, NULL, NULL, 20, NULL, NULL),
(3329, 802233, NULL, 19, NULL, NULL, 26, NULL, NULL),
(3330, 799828, NULL, 26, NULL, NULL, 22, NULL, NULL),
(3331, 721563, NULL, 30, NULL, NULL, 24, NULL, NULL),
(3332, 744714, NULL, 33, NULL, NULL, 3, NULL, NULL),
(3333, 671443, NULL, 4, NULL, NULL, 17, NULL, NULL),
(3334, 897475, NULL, 34, NULL, NULL, 20, NULL, NULL),
(3335, 774533, NULL, 20, NULL, NULL, 13, NULL, NULL),
(3336, 744714, NULL, 23, NULL, NULL, 14, NULL, NULL),
(3337, 807077, NULL, 32, NULL, NULL, 9, NULL, NULL),
(3338, 886572, NULL, 24, NULL, NULL, 25, NULL, NULL),
(3339, 800237, NULL, 19, NULL, NULL, 10, NULL, NULL),
(3340, 844081, NULL, 3, NULL, NULL, 15, NULL, NULL),
(3341, 863481, NULL, 16, NULL, NULL, 12, NULL, NULL),
(3342, 879088, NULL, 31, NULL, NULL, 28, NULL, NULL),
(3343, 694830, NULL, 18, NULL, NULL, 2, NULL, NULL),
(3344, 799828, NULL, 9, NULL, NULL, 1, NULL, NULL),
(3345, 844792, NULL, 22, NULL, NULL, 9, NULL, NULL),
(3346, 838243, NULL, 19, NULL, NULL, 10, NULL, NULL),
(3347, 802233, NULL, 25, NULL, NULL, 3, NULL, NULL),
(3348, 859742, NULL, 1, NULL, NULL, 7, NULL, NULL),
(3349, 739065, NULL, 0, NULL, NULL, 22, NULL, NULL),
(3350, 724281, NULL, 10, NULL, NULL, 7, NULL, NULL),
(3351, 802355, NULL, 21, NULL, NULL, 16, NULL, NULL),
(3352, 788306, NULL, 9, NULL, NULL, 6, NULL, NULL),
(3353, 787030, NULL, 21, NULL, NULL, 22, NULL, NULL),
(3354, 724281, NULL, 21, NULL, NULL, 8, NULL, NULL),
(3355, 802233, NULL, 2, NULL, NULL, 27, NULL, NULL),
(3356, 844081, NULL, 13, NULL, NULL, 26, NULL, NULL),
(3357, 859742, NULL, 24, NULL, NULL, 9, NULL, NULL),
(3358, 817783, NULL, 14, NULL, NULL, 16, NULL, NULL),
(3359, 838243, NULL, 24, NULL, NULL, 22, NULL, NULL),
(3360, 879088, NULL, 33, NULL, NULL, 4, NULL, NULL),
(3361, 709922, NULL, 13, NULL, NULL, 7, NULL, NULL),
(3362, 864830, NULL, 16, NULL, NULL, 24, NULL, NULL),
(3363, 853914, NULL, 27, NULL, NULL, 23, NULL, NULL),
(3364, 770419, NULL, 24, NULL, NULL, 18, NULL, NULL),
(3365, 844792, NULL, 11, NULL, NULL, 27, NULL, NULL),
(3366, 844792, NULL, 32, NULL, NULL, 21, NULL, NULL),
(3367, 844081, NULL, 26, NULL, NULL, 15, NULL, NULL),
(3368, 774533, NULL, 19, NULL, NULL, 24, NULL, NULL),
(3369, 724281, NULL, 10, NULL, NULL, 8, NULL, NULL),
(3370, 744714, NULL, 29, NULL, NULL, 9, NULL, NULL),
(3371, 817783, NULL, 2, NULL, NULL, 17, NULL, NULL),
(3372, 724281, NULL, 4, NULL, NULL, 26, NULL, NULL),
(3373, 788306, NULL, 26, NULL, NULL, 9, NULL, NULL),
(3374, 886572, NULL, 4, NULL, NULL, 2, NULL, NULL),
(3375, 774533, NULL, 26, NULL, NULL, 16, NULL, NULL),
(3376, 886572, NULL, 7, NULL, NULL, 22, NULL, NULL),
(3377, 787030, NULL, 33, NULL, NULL, 3, NULL, NULL),
(3378, 709922, NULL, 32, NULL, NULL, 24, NULL, NULL),
(3379, 853914, NULL, 33, NULL, NULL, 9, NULL, NULL),
(3380, 802355, NULL, 6, NULL, NULL, 10, NULL, NULL),
(3381, 774533, NULL, 10, NULL, NULL, 24, NULL, NULL),
(3382, 787518, NULL, 2, NULL, NULL, 1, NULL, NULL),
(3383, 694830, NULL, 25, NULL, NULL, 23, NULL, NULL),
(3384, 869323, NULL, 13, NULL, NULL, 19, NULL, NULL),
(3385, 770419, NULL, 22, NULL, NULL, 26, NULL, NULL),
(3386, 897475, NULL, 18, NULL, NULL, 28, NULL, NULL),
(3387, 886572, NULL, 5, NULL, NULL, 9, NULL, NULL),
(3388, 879088, NULL, 18, NULL, NULL, 16, NULL, NULL),
(3389, 838243, NULL, 1, NULL, NULL, 2, NULL, NULL),
(3390, 879088, NULL, 0, NULL, NULL, 7, NULL, NULL),
(3391, 807077, NULL, 27, NULL, NULL, 7, NULL, NULL),
(3392, 807803, NULL, 33, NULL, NULL, 2, NULL, NULL),
(3393, 787518, NULL, 18, NULL, NULL, 10, NULL, NULL),
(3394, 802629, NULL, 34, NULL, NULL, 21, NULL, NULL),
(3395, 869323, NULL, 22, NULL, NULL, 2, NULL, NULL),
(3396, 863481, NULL, 14, NULL, NULL, 1, NULL, NULL),
(3397, 788306, NULL, 12, NULL, NULL, 5, NULL, NULL),
(3398, 802629, NULL, 21, NULL, NULL, 8, NULL, NULL),
(3399, 877825, NULL, 5, NULL, NULL, 5, NULL, NULL),
(3400, 817783, NULL, 17, NULL, NULL, 16, NULL, NULL),
(3401, 892053, NULL, 33, NULL, NULL, 20, NULL, NULL),
(3402, 844081, NULL, 13, NULL, NULL, 26, NULL, NULL),
(3403, 742111, NULL, 30, NULL, NULL, 1, NULL, NULL),
(3404, 671443, NULL, 20, NULL, NULL, 6, NULL, NULL),
(3405, 788306, NULL, 2, NULL, NULL, 15, NULL, NULL),
(3406, 892053, NULL, 26, NULL, NULL, 15, NULL, NULL),
(3407, 721563, NULL, 30, NULL, NULL, 8, NULL, NULL),
(3408, 817783, NULL, 5, NULL, NULL, 15, NULL, NULL),
(3409, 892053, NULL, 32, NULL, NULL, 26, NULL, NULL),
(3410, 807077, NULL, 17, NULL, NULL, 24, NULL, NULL),
(3411, 807077, NULL, 27, NULL, NULL, 26, NULL, NULL),
(3412, 863481, NULL, 5, NULL, NULL, 10, NULL, NULL),
(3413, 869323, NULL, 12, NULL, NULL, 1, NULL, NULL),
(3414, 877825, NULL, 17, NULL, NULL, 8, NULL, NULL),
(3415, 844081, NULL, 30, NULL, NULL, 28, NULL, NULL),
(3416, 744714, NULL, 1, NULL, NULL, 13, NULL, NULL),
(3417, 844081, NULL, 1, NULL, NULL, 4, NULL, NULL),
(3418, 844081, NULL, 27, NULL, NULL, 18, NULL, NULL),
(3419, 709922, NULL, 4, NULL, NULL, 7, NULL, NULL),
(3420, 694830, NULL, 13, NULL, NULL, 9, NULL, NULL),
(3421, 742111, NULL, 1, NULL, NULL, 7, NULL, NULL),
(3422, 844792, NULL, 27, NULL, NULL, 18, NULL, NULL),
(3423, 853914, NULL, 26, NULL, NULL, 5, NULL, NULL),
(3424, 864830, NULL, 22, NULL, NULL, 6, NULL, NULL),
(3425, 742111, NULL, 29, NULL, NULL, 19, NULL, NULL),
(3426, 838243, NULL, 33, NULL, NULL, 4, NULL, NULL),
(3427, 802233, NULL, 15, NULL, NULL, 3, NULL, NULL),
(3428, 838243, NULL, 19, NULL, NULL, 13, NULL, NULL),
(3429, 897475, NULL, 11, NULL, NULL, 28, NULL, NULL),
(3430, 787518, NULL, 19, NULL, NULL, 25, NULL, NULL),
(3431, 724281, NULL, 27, NULL, NULL, 13, NULL, NULL),
(3432, 853914, NULL, 11, NULL, NULL, 4, NULL, NULL),
(3433, 892053, NULL, 18, NULL, NULL, 7, NULL, NULL),
(3434, 838243, NULL, 19, NULL, NULL, 20, NULL, NULL),
(3435, 739065, NULL, 0, NULL, NULL, 26, NULL, NULL),
(3436, 807803, NULL, 33, NULL, NULL, 9, NULL, NULL),
(3437, 802629, NULL, 11, NULL, NULL, 15, NULL, NULL),
(3438, 671443, NULL, 18, NULL, NULL, 24, NULL, NULL),
(3439, 838243, NULL, 23, NULL, NULL, 5, NULL, NULL),
(3440, 787518, NULL, 13, NULL, NULL, 3, NULL, NULL),
(3441, 807803, NULL, 27, NULL, NULL, 7, NULL, NULL),
(3442, 844792, NULL, 27, NULL, NULL, 12, NULL, NULL),
(3443, 770419, NULL, 18, NULL, NULL, 23, NULL, NULL),
(3444, 817783, NULL, 12, NULL, NULL, 9, NULL, NULL),
(3445, 807077, NULL, 30, NULL, NULL, 21, NULL, NULL),
(3446, 724281, NULL, 1, NULL, NULL, 4, NULL, NULL),
(3447, 799828, NULL, 12, NULL, NULL, 28, NULL, NULL),
(3448, 802629, NULL, 7, NULL, NULL, 4, NULL, NULL),
(3449, 788306, NULL, 22, NULL, NULL, 4, NULL, NULL),
(3450, 886572, NULL, 25, NULL, NULL, 5, NULL, NULL),
(3451, 770419, NULL, 0, NULL, NULL, 18, NULL, NULL),
(3452, 787030, NULL, 11, NULL, NULL, 25, NULL, NULL),
(3453, 802355, NULL, 17, NULL, NULL, 21, NULL, NULL),
(3454, 807803, NULL, 8, NULL, NULL, 6, NULL, NULL),
(3455, 886572, NULL, 14, NULL, NULL, 23, NULL, NULL),
(3456, 807077, NULL, 33, NULL, NULL, 1, NULL, NULL),
(3457, 853914, NULL, 4, NULL, NULL, 5, NULL, NULL),
(3458, 709922, NULL, 18, NULL, NULL, 8, NULL, NULL),
(3459, 802629, NULL, 6, NULL, NULL, 4, NULL, NULL),
(3460, 787030, NULL, 20, NULL, NULL, 6, NULL, NULL),
(3461, 877825, NULL, 19, NULL, NULL, 9, NULL, NULL),
(3462, 863481, NULL, 26, NULL, NULL, 11, NULL, NULL),
(3463, 802233, NULL, 3, NULL, NULL, 20, NULL, NULL),
(3464, 853914, NULL, 22, NULL, NULL, 6, NULL, NULL),
(3465, 802233, NULL, 21, NULL, NULL, 27, NULL, NULL),
(3466, 802233, NULL, 31, NULL, NULL, 23, NULL, NULL),
(3467, 799828, NULL, 0, NULL, NULL, 16, NULL, NULL),
(3468, 671443, NULL, 7, NULL, NULL, 23, NULL, NULL),
(3469, 877825, NULL, 15, NULL, NULL, 27, NULL, NULL),
(3470, 838243, NULL, 27, NULL, NULL, 2, NULL, NULL),
(3471, 892053, NULL, 21, NULL, NULL, 6, NULL, NULL),
(3472, 739065, NULL, 19, NULL, NULL, 4, NULL, NULL),
(3473, 709922, NULL, 11, NULL, NULL, 5, NULL, NULL),
(3474, 799828, NULL, 17, NULL, NULL, 6, NULL, NULL),
(3475, 864830, NULL, 8, NULL, NULL, 24, NULL, NULL),
(3476, 844792, NULL, 2, NULL, NULL, 22, NULL, NULL),
(3477, 788306, NULL, 28, NULL, NULL, 27, NULL, NULL),
(3478, 739065, NULL, 18, NULL, NULL, 20, NULL, NULL),
(3479, 671443, NULL, 13, NULL, NULL, 15, NULL, NULL),
(3480, 892053, NULL, 14, NULL, NULL, 28, NULL, NULL),
(3481, 724281, NULL, 3, NULL, NULL, 27, NULL, NULL),
(3482, 787518, NULL, 31, NULL, NULL, 5, NULL, NULL),
(3483, 787030, NULL, 28, NULL, NULL, 7, NULL, NULL),
(3484, 800237, NULL, 19, NULL, NULL, 27, NULL, NULL),
(3485, 817783, NULL, 2, NULL, NULL, 28, NULL, NULL),
(3486, 892053, NULL, 26, NULL, NULL, 3, NULL, NULL),
(3487, 838243, NULL, 31, NULL, NULL, 18, NULL, NULL),
(3488, 739065, NULL, 30, NULL, NULL, 13, NULL, NULL),
(3489, 787030, NULL, 21, NULL, NULL, 6, NULL, NULL),
(3490, 742111, NULL, 19, NULL, NULL, 25, NULL, NULL),
(3491, 709922, NULL, 28, NULL, NULL, 21, NULL, NULL),
(3492, 817783, NULL, 12, NULL, NULL, 19, NULL, NULL),
(3493, 721563, NULL, 21, NULL, NULL, 26, NULL, NULL),
(3494, 770419, NULL, 34, NULL, NULL, 28, NULL, NULL),
(3495, 694830, NULL, 22, NULL, NULL, 5, NULL, NULL),
(3496, 859742, NULL, 34, NULL, NULL, 14, NULL, NULL),
(3497, 799828, NULL, 22, NULL, NULL, 10, NULL, NULL),
(3498, 802233, NULL, 32, NULL, NULL, 6, NULL, NULL),
(3499, 877825, NULL, 5, NULL, NULL, 16, NULL, NULL),
(3500, 877825, NULL, 33, NULL, NULL, 2, NULL, NULL),
(3501, 886572, NULL, 30, NULL, NULL, 3, NULL, NULL),
(3502, 897475, NULL, 28, NULL, NULL, 1, NULL, NULL),
(3503, 844792, NULL, 8, NULL, NULL, 28, NULL, NULL),
(3504, 892053, NULL, 10, NULL, NULL, 24, NULL, NULL),
(3505, 787030, NULL, 34, NULL, NULL, 15, NULL, NULL),
(3506, 770419, NULL, 23, NULL, NULL, 27, NULL, NULL),
(3507, 844792, NULL, 12, NULL, NULL, 20, NULL, NULL),
(3508, 800237, NULL, 22, NULL, NULL, 16, NULL, NULL),
(3509, 724281, NULL, 20, NULL, NULL, 12, NULL, NULL),
(3510, 802233, NULL, 10, NULL, NULL, 14, NULL, NULL),
(3511, 892053, NULL, 22, NULL, NULL, 28, NULL, NULL),
(3512, 744714, NULL, 33, NULL, NULL, 25, NULL, NULL),
(3513, 739065, NULL, 6, NULL, NULL, 20, NULL, NULL),
(3514, 897475, NULL, 16, NULL, NULL, 18, NULL, NULL),
(3515, 721563, NULL, 22, NULL, NULL, 4, NULL, NULL),
(3516, 807803, NULL, 12, NULL, NULL, 19, NULL, NULL),
(3517, 817783, NULL, 3, NULL, NULL, 3, NULL, NULL),
(3518, 807803, NULL, 20, NULL, NULL, 8, NULL, NULL),
(3519, 709922, NULL, 16, NULL, NULL, 11, NULL, NULL),
(3520, 886572, NULL, 5, NULL, NULL, 19, NULL, NULL),
(3521, 774533, NULL, 0, NULL, NULL, 24, NULL, NULL),
(3522, 671443, NULL, 13, NULL, NULL, 27, NULL, NULL),
(3523, 799828, NULL, 31, NULL, NULL, 25, NULL, NULL),
(3524, 787518, NULL, 13, NULL, NULL, 3, NULL, NULL),
(3525, 802355, NULL, 8, NULL, NULL, 27, NULL, NULL),
(3526, 770419, NULL, 17, NULL, NULL, 21, NULL, NULL),
(3527, 879088, NULL, 12, NULL, NULL, 17, NULL, NULL),
(3528, 787030, NULL, 10, NULL, NULL, 8, NULL, NULL),
(3529, 799828, NULL, 34, NULL, NULL, 25, NULL, NULL),
(3530, 844792, NULL, 26, NULL, NULL, 7, NULL, NULL),
(3531, 721563, NULL, 2, NULL, NULL, 27, NULL, NULL),
(3532, 721563, NULL, 31, NULL, NULL, 23, NULL, NULL),
(3533, 724281, NULL, 13, NULL, NULL, 1, NULL, NULL),
(3534, 807077, NULL, 32, NULL, NULL, 8, NULL, NULL),
(3535, 788306, NULL, 19, NULL, NULL, 4, NULL, NULL),
(3536, 671443, NULL, 2, NULL, NULL, 6, NULL, NULL),
(3537, 853914, NULL, 9, NULL, NULL, 28, NULL, NULL),
(3538, 863481, NULL, 30, NULL, NULL, 20, NULL, NULL),
(3539, 800237, NULL, 9, NULL, NULL, 4, NULL, NULL),
(3540, 800237, NULL, 14, NULL, NULL, 9, NULL, NULL),
(3541, 807077, NULL, 21, NULL, NULL, 1, NULL, NULL),
(3542, 807077, NULL, 7, NULL, NULL, 28, NULL, NULL),
(3543, 742111, NULL, 3, NULL, NULL, 3, NULL, NULL),
(3544, 892053, NULL, 14, NULL, NULL, 17, NULL, NULL),
(3545, 864830, NULL, 25, NULL, NULL, 6, NULL, NULL),
(3546, 886572, NULL, 26, NULL, NULL, 19, NULL, NULL),
(3547, 807803, NULL, 7, NULL, NULL, 2, NULL, NULL),
(3548, 799828, NULL, 7, NULL, NULL, 11, NULL, NULL),
(3549, 838243, NULL, 6, NULL, NULL, 21, NULL, NULL),
(3550, 787030, NULL, 28, NULL, NULL, 25, NULL, NULL),
(3551, 859742, NULL, 18, NULL, NULL, 19, NULL, NULL),
(3552, 838243, NULL, 1, NULL, NULL, 25, NULL, NULL),
(3553, 807803, NULL, 7, NULL, NULL, 14, NULL, NULL),
(3554, 800237, NULL, 14, NULL, NULL, 9, NULL, NULL),
(3555, 671443, NULL, 33, NULL, NULL, 24, NULL, NULL),
(3556, 863481, NULL, 25, NULL, NULL, 3, NULL, NULL),
(3557, 802629, NULL, 10, NULL, NULL, 4, NULL, NULL),
(3558, 897475, NULL, 7, NULL, NULL, 19, NULL, NULL),
(3559, 742111, NULL, 1, NULL, NULL, 22, NULL, NULL),
(3560, 892053, NULL, 6, NULL, NULL, 7, NULL, NULL),
(3561, 859742, NULL, 17, NULL, NULL, 7, NULL, NULL),
(3562, 724281, NULL, 12, NULL, NULL, 17, NULL, NULL),
(3563, 886572, NULL, 33, NULL, NULL, 10, NULL, NULL),
(3564, 709922, NULL, 23, NULL, NULL, 23, NULL, NULL),
(3565, 817783, NULL, 6, NULL, NULL, 15, NULL, NULL),
(3566, 802233, NULL, 19, NULL, NULL, 28, NULL, NULL),
(3567, 853914, NULL, 20, NULL, NULL, 28, NULL, NULL),
(3568, 844792, NULL, 23, NULL, NULL, 26, NULL, NULL),
(3569, 721563, NULL, 15, NULL, NULL, 14, NULL, NULL),
(3570, 877825, NULL, 18, NULL, NULL, 18, NULL, NULL),
(3571, 877825, NULL, 28, NULL, NULL, 6, NULL, NULL),
(3572, 853914, NULL, 0, NULL, NULL, 12, NULL, NULL),
(3573, 838243, NULL, 22, NULL, NULL, 12, NULL, NULL),
(3574, 859742, NULL, 20, NULL, NULL, 20, NULL, NULL),
(3575, 844081, NULL, 22, NULL, NULL, 18, NULL, NULL),
(3576, 817783, NULL, 12, NULL, NULL, 19, NULL, NULL),
(3577, 817783, NULL, 14, NULL, NULL, 17, NULL, NULL),
(3578, 802629, NULL, 31, NULL, NULL, 7, NULL, NULL),
(3579, 800237, NULL, 22, NULL, NULL, 22, NULL, NULL),
(3580, 807077, NULL, 33, NULL, NULL, 5, NULL, NULL),
(3581, 859742, NULL, 25, NULL, NULL, 27, NULL, NULL),
(3582, 739065, NULL, 17, NULL, NULL, 14, NULL, NULL),
(3583, 774533, NULL, 32, NULL, NULL, 16, NULL, NULL),
(3584, 799828, NULL, 2, NULL, NULL, 9, NULL, NULL),
(3585, 774533, NULL, 8, NULL, NULL, 12, NULL, NULL),
(3586, 892053, NULL, 1, NULL, NULL, 5, NULL, NULL),
(3587, 879088, NULL, 8, NULL, NULL, 17, NULL, NULL),
(3588, 897475, NULL, 34, NULL, NULL, 24, NULL, NULL),
(3589, 859742, NULL, 32, NULL, NULL, 6, NULL, NULL),
(3590, 770419, NULL, 28, NULL, NULL, 5, NULL, NULL),
(3591, 739065, NULL, 9, NULL, NULL, 19, NULL, NULL),
(3592, 807077, NULL, 8, NULL, NULL, 1, NULL, NULL),
(3593, 886572, NULL, 26, NULL, NULL, 3, NULL, NULL),
(3594, 694830, NULL, 1, NULL, NULL, 7, NULL, NULL),
(3595, 694830, NULL, 9, NULL, NULL, 10, NULL, NULL),
(3596, 770419, NULL, 7, NULL, NULL, 8, NULL, NULL),
(3597, 897475, NULL, 4, NULL, NULL, 10, NULL, NULL),
(3598, 802629, NULL, 10, NULL, NULL, 23, NULL, NULL),
(3599, 788306, NULL, 25, NULL, NULL, 11, NULL, NULL),
(3600, 802629, NULL, 9, NULL, NULL, 8, NULL, NULL),
(3601, 709922, NULL, 10, NULL, NULL, 9, NULL, NULL),
(3602, 787518, NULL, 4, NULL, NULL, 16, NULL, NULL),
(3603, 844792, NULL, 14, NULL, NULL, 12, NULL, NULL),
(3604, 744714, NULL, 31, NULL, NULL, 2, NULL, NULL),
(3605, 802355, NULL, 28, NULL, NULL, 19, NULL, NULL),
(3606, 802233, NULL, 29, NULL, NULL, 28, NULL, NULL),
(3607, 787518, NULL, 33, NULL, NULL, 10, NULL, NULL),
(3608, 864830, NULL, 25, NULL, NULL, 10, NULL, NULL),
(3609, 739065, NULL, 26, NULL, NULL, 17, NULL, NULL),
(3610, 817783, NULL, 19, NULL, NULL, 22, NULL, NULL),
(3611, 838243, NULL, 22, NULL, NULL, 16, NULL, NULL),
(3612, 770419, NULL, 28, NULL, NULL, 21, NULL, NULL),
(3613, 774533, NULL, 33, NULL, NULL, 1, NULL, NULL),
(3614, 817783, NULL, 30, NULL, NULL, 7, NULL, NULL),
(3615, 864830, NULL, 32, NULL, NULL, 19, NULL, NULL),
(3616, 671443, NULL, 23, NULL, NULL, 3, NULL, NULL),
(3617, 897475, NULL, 25, NULL, NULL, 17, NULL, NULL),
(3618, 869323, NULL, 15, NULL, NULL, 25, NULL, NULL),
(3619, 787030, NULL, 16, NULL, NULL, 12, NULL, NULL),
(3620, 802629, NULL, 22, NULL, NULL, 25, NULL, NULL),
(3621, 671443, NULL, 34, NULL, NULL, 13, NULL, NULL),
(3622, 742111, NULL, 32, NULL, NULL, 21, NULL, NULL),
(3623, 802355, NULL, 5, NULL, NULL, 5, NULL, NULL),
(3624, 869323, NULL, 28, NULL, NULL, 23, NULL, NULL),
(3625, 863481, NULL, 2, NULL, NULL, 3, NULL, NULL),
(3626, 869323, NULL, 24, NULL, NULL, 1, NULL, NULL),
(3627, 742111, NULL, 4, NULL, NULL, 12, NULL, NULL),
(3628, 859742, NULL, 12, NULL, NULL, 16, NULL, NULL),
(3629, 897475, NULL, 20, NULL, NULL, 2, NULL, NULL),
(3630, 671443, NULL, 6, NULL, NULL, 27, NULL, NULL),
(3631, 770419, NULL, 34, NULL, NULL, 14, NULL, NULL),
(3632, 817783, NULL, 13, NULL, NULL, 21, NULL, NULL),
(3633, 886572, NULL, 21, NULL, NULL, 26, NULL, NULL),
(3634, 879088, NULL, 25, NULL, NULL, 7, NULL, NULL),
(3635, 802233, NULL, 23, NULL, NULL, 14, NULL, NULL),
(3636, 853914, NULL, 6, NULL, NULL, 10, NULL, NULL),
(3637, 802629, NULL, 11, NULL, NULL, 3, NULL, NULL),
(3638, 807803, NULL, 24, NULL, NULL, 8, NULL, NULL),
(3639, 709922, NULL, 34, NULL, NULL, 14, NULL, NULL),
(3640, 788306, NULL, 34, NULL, NULL, 6, NULL, NULL),
(3641, 863481, NULL, 27, NULL, NULL, 12, NULL, NULL),
(3642, 807803, NULL, 32, NULL, NULL, 13, NULL, NULL),
(3643, 709922, NULL, 7, NULL, NULL, 18, NULL, NULL),
(3644, 787030, NULL, 32, NULL, NULL, 12, NULL, NULL),
(3645, 897475, NULL, 33, NULL, NULL, 6, NULL, NULL),
(3646, 859742, NULL, 30, NULL, NULL, 7, NULL, NULL),
(3647, 709922, NULL, 22, NULL, NULL, 20, NULL, NULL),
(3648, 800237, NULL, 2, NULL, NULL, 1, NULL, NULL),
(3649, 774533, NULL, 2, NULL, NULL, 12, NULL, NULL),
(3650, 853914, NULL, 23, NULL, NULL, 18, NULL, NULL),
(3651, 886572, NULL, 17, NULL, NULL, 3, NULL, NULL),
(3652, 770419, NULL, 7, NULL, NULL, 10, NULL, NULL),
(3653, 694830, NULL, 11, NULL, NULL, 16, NULL, NULL),
(3654, 863481, NULL, 7, NULL, NULL, 5, NULL, NULL),
(3655, 838243, NULL, 16, NULL, NULL, 18, NULL, NULL),
(3656, 671443, NULL, 25, NULL, NULL, 24, NULL, NULL),
(3657, 744714, NULL, 27, NULL, NULL, 18, NULL, NULL),
(3658, 859742, NULL, 25, NULL, NULL, 9, NULL, NULL),
(3659, 787030, NULL, 28, NULL, NULL, 11, NULL, NULL),
(3660, 844792, NULL, 4, NULL, NULL, 24, NULL, NULL),
(3661, 859742, NULL, 23, NULL, NULL, 2, NULL, NULL),
(3662, 799828, NULL, 23, NULL, NULL, 15, NULL, NULL),
(3663, 864830, NULL, 29, NULL, NULL, 8, NULL, NULL),
(3664, 838243, NULL, 16, NULL, NULL, 23, NULL, NULL),
(3665, 788306, NULL, 22, NULL, NULL, 21, NULL, NULL),
(3666, 863481, NULL, 32, NULL, NULL, 28, NULL, NULL),
(3667, 853914, NULL, 33, NULL, NULL, 16, NULL, NULL),
(3668, 879088, NULL, 10, NULL, NULL, 20, NULL, NULL),
(3669, 802355, NULL, 20, NULL, NULL, 9, NULL, NULL),
(3670, 838243, NULL, 24, NULL, NULL, 12, NULL, NULL),
(3671, 802233, NULL, 9, NULL, NULL, 17, NULL, NULL),
(3672, 838243, NULL, 7, NULL, NULL, 8, NULL, NULL),
(3673, 799828, NULL, 33, NULL, NULL, 20, NULL, NULL),
(3674, 800237, NULL, 25, NULL, NULL, 22, NULL, NULL),
(3675, 770419, NULL, 32, NULL, NULL, 20, NULL, NULL),
(3676, 869323, NULL, 18, NULL, NULL, 1, NULL, NULL),
(3677, 744714, NULL, 3, NULL, NULL, 17, NULL, NULL),
(3678, 869323, NULL, 15, NULL, NULL, 15, NULL, NULL),
(3679, 838243, NULL, 30, NULL, NULL, 9, NULL, NULL),
(3680, 886572, NULL, 5, NULL, NULL, 22, NULL, NULL),
(3681, 721563, NULL, 19, NULL, NULL, 19, NULL, NULL),
(3682, 788306, NULL, 30, NULL, NULL, 22, NULL, NULL),
(3683, 671443, NULL, 11, NULL, NULL, 7, NULL, NULL),
(3684, 800237, NULL, 5, NULL, NULL, 16, NULL, NULL),
(3685, 742111, NULL, 11, NULL, NULL, 2, NULL, NULL),
(3686, 694830, NULL, 7, NULL, NULL, 24, NULL, NULL),
(3687, 863481, NULL, 28, NULL, NULL, 19, NULL, NULL),
(3688, 844081, NULL, 5, NULL, NULL, 28, NULL, NULL),
(3689, 886572, NULL, 26, NULL, NULL, 24, NULL, NULL),
(3690, 802355, NULL, 8, NULL, NULL, 4, NULL, NULL),
(3691, 802629, NULL, 18, NULL, NULL, 26, NULL, NULL),
(3692, 739065, NULL, 13, NULL, NULL, 4, NULL, NULL),
(3693, 853914, NULL, 28, NULL, NULL, 4, NULL, NULL),
(3694, 800237, NULL, 12, NULL, NULL, 5, NULL, NULL),
(3695, 787030, NULL, 20, NULL, NULL, 28, NULL, NULL),
(3696, 879088, NULL, 6, NULL, NULL, 1, NULL, NULL),
(3697, 864830, NULL, 14, NULL, NULL, 7, NULL, NULL),
(3698, 817783, NULL, 26, NULL, NULL, 13, NULL, NULL),
(3699, 694830, NULL, 13, NULL, NULL, 26, NULL, NULL),
(3700, 886572, NULL, 12, NULL, NULL, 11, NULL, NULL),
(3701, 724281, NULL, 8, NULL, NULL, 26, NULL, NULL),
(3702, 892053, NULL, 10, NULL, NULL, 28, NULL, NULL),
(3703, 787030, NULL, 6, NULL, NULL, 11, NULL, NULL),
(3704, 694830, NULL, 6, NULL, NULL, 6, NULL, NULL),
(3705, 788306, NULL, 6, NULL, NULL, 24, NULL, NULL),
(3706, 807803, NULL, 7, NULL, NULL, 9, NULL, NULL),
(3707, 721563, NULL, 33, NULL, NULL, 19, NULL, NULL),
(3708, 802629, NULL, 8, NULL, NULL, 1, NULL, NULL),
(3709, 807803, NULL, 24, NULL, NULL, 15, NULL, NULL),
(3710, 844081, NULL, 6, NULL, NULL, 7, NULL, NULL),
(3711, 709922, NULL, 8, NULL, NULL, 7, NULL, NULL),
(3712, 799828, NULL, 22, NULL, NULL, 6, NULL, NULL),
(3713, 817783, NULL, 27, NULL, NULL, 9, NULL, NULL),
(3714, 671443, NULL, 22, NULL, NULL, 14, NULL, NULL),
(3715, 787030, NULL, 17, NULL, NULL, 5, NULL, NULL),
(3716, 721563, NULL, 7, NULL, NULL, 12, NULL, NULL),
(3717, 844792, NULL, 21, NULL, NULL, 9, NULL, NULL),
(3718, 844792, NULL, 17, NULL, NULL, 4, NULL, NULL),
(3719, 671443, NULL, 12, NULL, NULL, 14, NULL, NULL),
(3720, 817783, NULL, 27, NULL, NULL, 24, NULL, NULL),
(3721, 802233, NULL, 5, NULL, NULL, 14, NULL, NULL),
(3722, 774533, NULL, 25, NULL, NULL, 18, NULL, NULL),
(3723, 709922, NULL, 34, NULL, NULL, 16, NULL, NULL),
(3724, 838243, NULL, 14, NULL, NULL, 27, NULL, NULL),
(3725, 864830, NULL, 3, NULL, NULL, 16, NULL, NULL),
(3726, 799828, NULL, 6, NULL, NULL, 25, NULL, NULL),
(3727, 853914, NULL, 14, NULL, NULL, 25, NULL, NULL),
(3728, 864830, NULL, 14, NULL, NULL, 11, NULL, NULL),
(3729, 892053, NULL, 28, NULL, NULL, 22, NULL, NULL),
(3730, 709922, NULL, 17, NULL, NULL, 7, NULL, NULL),
(3731, 869323, NULL, 20, NULL, NULL, 18, NULL, NULL),
(3732, 788306, NULL, 23, NULL, NULL, 9, NULL, NULL),
(3733, 744714, NULL, 4, NULL, NULL, 15, NULL, NULL),
(3734, 886572, NULL, 34, NULL, NULL, 14, NULL, NULL),
(3735, 886572, NULL, 30, NULL, NULL, 9, NULL, NULL),
(3736, 838243, NULL, 17, NULL, NULL, 28, NULL, NULL),
(3737, 838243, NULL, 1, NULL, NULL, 1, NULL, NULL),
(3738, 800237, NULL, 23, NULL, NULL, 25, NULL, NULL),
(3739, 800237, NULL, 23, NULL, NULL, 26, NULL, NULL),
(3740, 844792, NULL, 23, NULL, NULL, 13, NULL, NULL),
(3741, 802629, NULL, 12, NULL, NULL, 23, NULL, NULL),
(3742, 800237, NULL, 30, NULL, NULL, 2, NULL, NULL),
(3743, 739065, NULL, 18, NULL, NULL, 6, NULL, NULL),
(3744, 807803, NULL, 15, NULL, NULL, 13, NULL, NULL),
(3745, 724281, NULL, 27, NULL, NULL, 14, NULL, NULL),
(3746, 742111, NULL, 24, NULL, NULL, 4, NULL, NULL),
(3747, 799828, NULL, 5, NULL, NULL, 5, NULL, NULL),
(3748, 742111, NULL, 17, NULL, NULL, 11, NULL, NULL),
(3749, 770419, NULL, 23, NULL, NULL, 25, NULL, NULL),
(3750, 694830, NULL, 9, NULL, NULL, 17, NULL, NULL),
(3751, 742111, NULL, 11, NULL, NULL, 18, NULL, NULL),
(3752, 844792, NULL, 23, NULL, NULL, 26, NULL, NULL),
(3753, 886572, NULL, 4, NULL, NULL, 11, NULL, NULL),
(3754, 844081, NULL, 32, NULL, NULL, 1, NULL, NULL),
(3755, 671443, NULL, 11, NULL, NULL, 12, NULL, NULL),
(3756, 802233, NULL, 25, NULL, NULL, 2, NULL, NULL),
(3757, 724281, NULL, 18, NULL, NULL, 2, NULL, NULL),
(3758, 721563, NULL, 15, NULL, NULL, 25, NULL, NULL),
(3759, 877825, NULL, 21, NULL, NULL, 21, NULL, NULL),
(3760, 807803, NULL, 26, NULL, NULL, 5, NULL, NULL),
(3761, 742111, NULL, 12, NULL, NULL, 12, NULL, NULL),
(3762, 864830, NULL, 22, NULL, NULL, 25, NULL, NULL),
(3763, 770419, NULL, 14, NULL, NULL, 4, NULL, NULL),
(3764, 802629, NULL, 23, NULL, NULL, 16, NULL, NULL),
(3765, 844081, NULL, 4, NULL, NULL, 28, NULL, NULL),
(3766, 886572, NULL, 2, NULL, NULL, 15, NULL, NULL),
(3767, 886572, NULL, 34, NULL, NULL, 24, NULL, NULL),
(3768, 877825, NULL, 33, NULL, NULL, 5, NULL, NULL),
(3769, 892053, NULL, 10, NULL, NULL, 18, NULL, NULL),
(3770, 859742, NULL, 33, NULL, NULL, 27, NULL, NULL),
(3771, 787518, NULL, 13, NULL, NULL, 7, NULL, NULL),
(3772, 739065, NULL, 34, NULL, NULL, 3, NULL, NULL),
(3773, 671443, NULL, 18, NULL, NULL, 8, NULL, NULL),
(3774, 787030, NULL, 31, NULL, NULL, 9, NULL, NULL),
(3775, 897475, NULL, 2, NULL, NULL, 8, NULL, NULL),
(3776, 802233, NULL, 1, NULL, NULL, 9, NULL, NULL),
(3777, 807803, NULL, 4, NULL, NULL, 16, NULL, NULL),
(3778, 744714, NULL, 20, NULL, NULL, 7, NULL, NULL),
(3779, 863481, NULL, 27, NULL, NULL, 20, NULL, NULL),
(3780, 721563, NULL, 29, NULL, NULL, 22, NULL, NULL),
(3781, 770419, NULL, 4, NULL, NULL, 7, NULL, NULL),
(3782, 864830, NULL, 27, NULL, NULL, 19, NULL, NULL),
(3783, 774533, NULL, 27, NULL, NULL, 2, NULL, NULL),
(3784, 721563, NULL, 31, NULL, NULL, 27, NULL, NULL),
(3785, 886572, NULL, 26, NULL, NULL, 24, NULL, NULL),
(3786, 863481, NULL, 23, NULL, NULL, 15, NULL, NULL),
(3787, 877825, NULL, 34, NULL, NULL, 16, NULL, NULL),
(3788, 853914, NULL, 3, NULL, NULL, 28, NULL, NULL),
(3789, 886572, NULL, 0, NULL, NULL, 24, NULL, NULL),
(3790, 844081, NULL, 24, NULL, NULL, 13, NULL, NULL),
(3791, 817783, NULL, 13, NULL, NULL, 5, NULL, NULL),
(3792, 709922, NULL, 25, NULL, NULL, 7, NULL, NULL),
(3793, 877825, NULL, 23, NULL, NULL, 8, NULL, NULL),
(3794, 877825, NULL, 23, NULL, NULL, 22, NULL, NULL),
(3795, 799828, NULL, 28, NULL, NULL, 27, NULL, NULL),
(3796, 721563, NULL, 6, NULL, NULL, 20, NULL, NULL),
(3797, 844081, NULL, 26, NULL, NULL, 19, NULL, NULL),
(3798, 859742, NULL, 5, NULL, NULL, 27, NULL, NULL),
(3799, 859742, NULL, 12, NULL, NULL, 16, NULL, NULL),
(3800, 770419, NULL, 20, NULL, NULL, 20, NULL, NULL),
(3801, 802233, NULL, 28, NULL, NULL, 7, NULL, NULL),
(3802, 864830, NULL, 27, NULL, NULL, 25, NULL, NULL),
(3803, 817783, NULL, 28, NULL, NULL, 4, NULL, NULL),
(3804, 897475, NULL, 3, NULL, NULL, 14, NULL, NULL),
(3805, 744714, NULL, 26, NULL, NULL, 4, NULL, NULL),
(3806, 694830, NULL, 4, NULL, NULL, 8, NULL, NULL),
(3807, 671443, NULL, 0, NULL, NULL, 11, NULL, NULL),
(3808, 817783, NULL, 19, NULL, NULL, 24, NULL, NULL),
(3809, 709922, NULL, 18, NULL, NULL, 24, NULL, NULL),
(3810, 844081, NULL, 3, NULL, NULL, 1, NULL, NULL),
(3811, 744714, NULL, 1, NULL, NULL, 18, NULL, NULL),
(3812, 844081, NULL, 21, NULL, NULL, 8, NULL, NULL),
(3813, 892053, NULL, 15, NULL, NULL, 5, NULL, NULL),
(3814, 807803, NULL, 6, NULL, NULL, 15, NULL, NULL),
(3815, 844081, NULL, 13, NULL, NULL, 9, NULL, NULL),
(3816, 742111, NULL, 17, NULL, NULL, 16, NULL, NULL),
(3817, 886572, NULL, 6, NULL, NULL, 12, NULL, NULL),
(3818, 802355, NULL, 12, NULL, NULL, 14, NULL, NULL),
(3819, 671443, NULL, 11, NULL, NULL, 10, NULL, NULL),
(3820, 802629, NULL, 2, NULL, NULL, 28, NULL, NULL),
(3821, 739065, NULL, 17, NULL, NULL, 4, NULL, NULL),
(3822, 721563, NULL, 12, NULL, NULL, 16, NULL, NULL),
(3823, 863481, NULL, 19, NULL, NULL, 6, NULL, NULL),
(3824, 879088, NULL, 11, NULL, NULL, 18, NULL, NULL),
(3825, 800237, NULL, 0, NULL, NULL, 17, NULL, NULL),
(3826, 802233, NULL, 11, NULL, NULL, 14, NULL, NULL),
(3827, 800237, NULL, 26, NULL, NULL, 16, NULL, NULL),
(3828, 799828, NULL, 5, NULL, NULL, 27, NULL, NULL),
(3829, 802355, NULL, 24, NULL, NULL, 13, NULL, NULL),
(3830, 817783, NULL, 12, NULL, NULL, 3, NULL, NULL),
(3831, 774533, NULL, 27, NULL, NULL, 26, NULL, NULL),
(3832, 694830, NULL, 13, NULL, NULL, 3, NULL, NULL),
(3833, 897475, NULL, 15, NULL, NULL, 12, NULL, NULL),
(3834, 671443, NULL, 5, NULL, NULL, 24, NULL, NULL),
(3835, 844792, NULL, 5, NULL, NULL, 8, NULL, NULL),
(3836, 838243, NULL, 4, NULL, NULL, 28, NULL, NULL),
(3837, 853914, NULL, 15, NULL, NULL, 2, NULL, NULL),
(3838, 807803, NULL, 27, NULL, NULL, 15, NULL, NULL),
(3839, 787030, NULL, 20, NULL, NULL, 1, NULL, NULL),
(3840, 724281, NULL, 34, NULL, NULL, 26, NULL, NULL),
(3841, 799828, NULL, 31, NULL, NULL, 18, NULL, NULL),
(3842, 788306, NULL, 17, NULL, NULL, 1, NULL, NULL),
(3843, 800237, NULL, 18, NULL, NULL, 9, NULL, NULL),
(3844, 802233, NULL, 22, NULL, NULL, 19, NULL, NULL),
(3845, 817783, NULL, 14, NULL, NULL, 11, NULL, NULL),
(3846, 853914, NULL, 31, NULL, NULL, 24, NULL, NULL),
(3847, 802629, NULL, 26, NULL, NULL, 3, NULL, NULL),
(3848, 721563, NULL, 30, NULL, NULL, 1, NULL, NULL),
(3849, 859742, NULL, 21, NULL, NULL, 25, NULL, NULL),
(3850, 807077, NULL, 13, NULL, NULL, 1, NULL, NULL),
(3851, 859742, NULL, 1, NULL, NULL, 5, NULL, NULL),
(3852, 844792, NULL, 8, NULL, NULL, 16, NULL, NULL),
(3853, 886572, NULL, 5, NULL, NULL, 27, NULL, NULL),
(3854, 892053, NULL, 9, NULL, NULL, 25, NULL, NULL),
(3855, 787518, NULL, 19, NULL, NULL, 3, NULL, NULL),
(3856, 744714, NULL, 30, NULL, NULL, 22, NULL, NULL),
(3857, 787518, NULL, 4, NULL, NULL, 1, NULL, NULL),
(3858, 892053, NULL, 2, NULL, NULL, 2, NULL, NULL),
(3859, 787030, NULL, 23, NULL, NULL, 7, NULL, NULL),
(3860, 853914, NULL, 33, NULL, NULL, 3, NULL, NULL),
(3861, 807803, NULL, 13, NULL, NULL, 6, NULL, NULL),
(3862, 853914, NULL, 23, NULL, NULL, 2, NULL, NULL),
(3863, 802355, NULL, 22, NULL, NULL, 24, NULL, NULL),
(3864, 800237, NULL, 5, NULL, NULL, 28, NULL, NULL),
(3865, 802355, NULL, 14, NULL, NULL, 20, NULL, NULL),
(3866, 724281, NULL, 31, NULL, NULL, 20, NULL, NULL),
(3867, 864830, NULL, 26, NULL, NULL, 21, NULL, NULL),
(3868, 721563, NULL, 10, NULL, NULL, 8, NULL, NULL),
(3869, 774533, NULL, 28, NULL, NULL, 11, NULL, NULL),
(3870, 788306, NULL, 17, NULL, NULL, 12, NULL, NULL),
(3871, 744714, NULL, 31, NULL, NULL, 18, NULL, NULL),
(3872, 853914, NULL, 21, NULL, NULL, 12, NULL, NULL),
(3873, 802355, NULL, 13, NULL, NULL, 13, NULL, NULL),
(3874, 799828, NULL, 21, NULL, NULL, 4, NULL, NULL),
(3875, 739065, NULL, 10, NULL, NULL, 12, NULL, NULL),
(3876, 739065, NULL, 0, NULL, NULL, 3, NULL, NULL),
(3877, 853914, NULL, 18, NULL, NULL, 12, NULL, NULL),
(3878, 742111, NULL, 16, NULL, NULL, 5, NULL, NULL),
(3879, 802233, NULL, 15, NULL, NULL, 6, NULL, NULL),
(3880, 897475, NULL, 29, NULL, NULL, 4, NULL, NULL),
(3881, 879088, NULL, 9, NULL, NULL, 22, NULL, NULL),
(3882, 879088, NULL, 3, NULL, NULL, 13, NULL, NULL),
(3883, 817783, NULL, 14, NULL, NULL, 16, NULL, NULL),
(3884, 671443, NULL, 28, NULL, NULL, 22, NULL, NULL),
(3885, 739065, NULL, 31, NULL, NULL, 19, NULL, NULL),
(3886, 859742, NULL, 14, NULL, NULL, 4, NULL, NULL),
(3887, 787518, NULL, 17, NULL, NULL, 4, NULL, NULL),
(3888, 844792, NULL, 0, NULL, NULL, 23, NULL, NULL),
(3889, 817783, NULL, 17, NULL, NULL, 21, NULL, NULL),
(3890, 817783, NULL, 16, NULL, NULL, 9, NULL, NULL),
(3891, 892053, NULL, 5, NULL, NULL, 26, NULL, NULL),
(3892, 863481, NULL, 23, NULL, NULL, 5, NULL, NULL),
(3893, 863481, NULL, 25, NULL, NULL, 15, NULL, NULL),
(3894, 853914, NULL, 14, NULL, NULL, 20, NULL, NULL),
(3895, 671443, NULL, 30, NULL, NULL, 26, NULL, NULL),
(3896, 802629, NULL, 16, NULL, NULL, 21, NULL, NULL),
(3897, 799828, NULL, 21, NULL, NULL, 14, NULL, NULL),
(3898, 863481, NULL, 33, NULL, NULL, 11, NULL, NULL),
(3899, 774533, NULL, 34, NULL, NULL, 27, NULL, NULL),
(3900, 770419, NULL, 30, NULL, NULL, 11, NULL, NULL),
(3901, 844792, NULL, 33, NULL, NULL, 26, NULL, NULL),
(3902, 770419, NULL, 18, NULL, NULL, 4, NULL, NULL),
(3903, 802629, NULL, 12, NULL, NULL, 12, NULL, NULL),
(3904, 807803, NULL, 14, NULL, NULL, 13, NULL, NULL),
(3905, 744714, NULL, 23, NULL, NULL, 1, NULL, NULL),
(3906, 844792, NULL, 33, NULL, NULL, 24, NULL, NULL),
(3907, 671443, NULL, 24, NULL, NULL, 16, NULL, NULL),
(3908, 886572, NULL, 23, NULL, NULL, 13, NULL, NULL),
(3909, 886572, NULL, 19, NULL, NULL, 24, NULL, NULL),
(3910, 844081, NULL, 0, NULL, NULL, 12, NULL, NULL),
(3911, 800237, NULL, 9, NULL, NULL, 2, NULL, NULL),
(3912, 724281, NULL, 6, NULL, NULL, 26, NULL, NULL),
(3913, 802629, NULL, 15, NULL, NULL, 2, NULL, NULL),
(3914, 863481, NULL, 18, NULL, NULL, 27, NULL, NULL),
(3915, 844081, NULL, 24, NULL, NULL, 25, NULL, NULL),
(3916, 802629, NULL, 6, NULL, NULL, 22, NULL, NULL),
(3917, 892053, NULL, 12, NULL, NULL, 24, NULL, NULL),
(3918, 787518, NULL, 14, NULL, NULL, 19, NULL, NULL),
(3919, 744714, NULL, 2, NULL, NULL, 4, NULL, NULL),
(3920, 774533, NULL, 20, NULL, NULL, 9, NULL, NULL),
(3921, 897475, NULL, 17, NULL, NULL, 23, NULL, NULL),
(3922, 671443, NULL, 5, NULL, NULL, 28, NULL, NULL),
(3923, 774533, NULL, 33, NULL, NULL, 27, NULL, NULL),
(3924, 721563, NULL, 23, NULL, NULL, 20, NULL, NULL),
(3925, 886572, NULL, 17, NULL, NULL, 28, NULL, NULL),
(3926, 721563, NULL, 13, NULL, NULL, 14, NULL, NULL),
(3927, 859742, NULL, 23, NULL, NULL, 21, NULL, NULL),
(3928, 859742, NULL, 1, NULL, NULL, 24, NULL, NULL),
(3929, 709922, NULL, 33, NULL, NULL, 2, NULL, NULL),
(3930, 879088, NULL, 0, NULL, NULL, 15, NULL, NULL),
(3931, 787518, NULL, 34, NULL, NULL, 4, NULL, NULL),
(3932, 739065, NULL, 20, NULL, NULL, 28, NULL, NULL),
(3933, 838243, NULL, 33, NULL, NULL, 27, NULL, NULL),
(3934, 787030, NULL, 10, NULL, NULL, 13, NULL, NULL),
(3935, 787030, NULL, 25, NULL, NULL, 11, NULL, NULL),
(3936, 770419, NULL, 16, NULL, NULL, 23, NULL, NULL),
(3937, 742111, NULL, 0, NULL, NULL, 6, NULL, NULL),
(3938, 844792, NULL, 22, NULL, NULL, 17, NULL, NULL),
(3939, 724281, NULL, 15, NULL, NULL, 21, NULL, NULL),
(3940, 807803, NULL, 5, NULL, NULL, 3, NULL, NULL),
(3941, 853914, NULL, 10, NULL, NULL, 14, NULL, NULL),
(3942, 671443, NULL, 13, NULL, NULL, 28, NULL, NULL),
(3943, 807077, NULL, 24, NULL, NULL, 10, NULL, NULL),
(3944, 802355, NULL, 32, NULL, NULL, 4, NULL, NULL),
(3945, 709922, NULL, 20, NULL, NULL, 20, NULL, NULL);
INSERT INTO `certificado` (`codigo`, `cod_aluno`, `arquivo_certificado`, `quantidade_horas`, `status`, `observacoes`, `cod_atividade`, `nome`, `cod_professor`) VALUES
(3946, 844081, NULL, 9, NULL, NULL, 13, NULL, NULL),
(3947, 799828, NULL, 33, NULL, NULL, 5, NULL, NULL),
(3948, 844081, NULL, 18, NULL, NULL, 6, NULL, NULL),
(3949, 787518, NULL, 10, NULL, NULL, 12, NULL, NULL),
(3950, 799828, NULL, 27, NULL, NULL, 1, NULL, NULL),
(3951, 864830, NULL, 30, NULL, NULL, 12, NULL, NULL),
(3952, 770419, NULL, 22, NULL, NULL, 17, NULL, NULL),
(3953, 838243, NULL, 29, NULL, NULL, 18, NULL, NULL),
(3954, 799828, NULL, 10, NULL, NULL, 24, NULL, NULL),
(3955, 844792, NULL, 0, NULL, NULL, 15, NULL, NULL),
(3956, 817783, NULL, 25, NULL, NULL, 3, NULL, NULL),
(3957, 859742, NULL, 26, NULL, NULL, 4, NULL, NULL),
(3958, 788306, NULL, 6, NULL, NULL, 4, NULL, NULL),
(3959, 724281, NULL, 23, NULL, NULL, 21, NULL, NULL),
(3960, 877825, NULL, 24, NULL, NULL, 28, NULL, NULL),
(3961, 838243, NULL, 30, NULL, NULL, 16, NULL, NULL),
(3962, 739065, NULL, 25, NULL, NULL, 16, NULL, NULL),
(3963, 787518, NULL, 4, NULL, NULL, 7, NULL, NULL),
(3964, 807803, NULL, 15, NULL, NULL, 16, NULL, NULL),
(3965, 800237, NULL, 34, NULL, NULL, 5, NULL, NULL),
(3966, 742111, NULL, 13, NULL, NULL, 6, NULL, NULL),
(3967, 724281, NULL, 3, NULL, NULL, 8, NULL, NULL),
(3968, 800237, NULL, 17, NULL, NULL, 3, NULL, NULL),
(3969, 721563, NULL, 33, NULL, NULL, 2, NULL, NULL),
(3970, 774533, NULL, 26, NULL, NULL, 9, NULL, NULL),
(3971, 844081, NULL, 16, NULL, NULL, 21, NULL, NULL),
(3972, 800237, NULL, 4, NULL, NULL, 6, NULL, NULL),
(3973, 817783, NULL, 15, NULL, NULL, 19, NULL, NULL),
(3974, 774533, NULL, 16, NULL, NULL, 19, NULL, NULL),
(3975, 787518, NULL, 26, NULL, NULL, 4, NULL, NULL),
(3976, 739065, NULL, 26, NULL, NULL, 13, NULL, NULL),
(3977, 864830, NULL, 25, NULL, NULL, 20, NULL, NULL),
(3978, 799828, NULL, 25, NULL, NULL, 4, NULL, NULL),
(3979, 817783, NULL, 17, NULL, NULL, 14, NULL, NULL),
(3980, 742111, NULL, 33, NULL, NULL, 26, NULL, NULL),
(3981, 859742, NULL, 29, NULL, NULL, 11, NULL, NULL),
(3982, 863481, NULL, 16, NULL, NULL, 3, NULL, NULL),
(3983, 788306, NULL, 8, NULL, NULL, 4, NULL, NULL),
(3984, 844792, NULL, 25, NULL, NULL, 20, NULL, NULL),
(3985, 892053, NULL, 32, NULL, NULL, 17, NULL, NULL),
(3986, 788306, NULL, 12, NULL, NULL, 4, NULL, NULL),
(3987, 877825, NULL, 17, NULL, NULL, 19, NULL, NULL),
(3988, 724281, NULL, 11, NULL, NULL, 23, NULL, NULL),
(3989, 788306, NULL, 24, NULL, NULL, 10, NULL, NULL),
(3990, 744714, NULL, 14, NULL, NULL, 3, NULL, NULL),
(3991, 800237, NULL, 24, NULL, NULL, 1, NULL, NULL),
(3992, 838243, NULL, 14, NULL, NULL, 28, NULL, NULL),
(3993, 817783, NULL, 2, NULL, NULL, 2, NULL, NULL),
(3994, 892053, NULL, 13, NULL, NULL, 25, NULL, NULL),
(3995, 886572, NULL, 34, NULL, NULL, 28, NULL, NULL),
(3996, 879088, NULL, 4, NULL, NULL, 25, NULL, NULL),
(3997, 844081, NULL, 24, NULL, NULL, 3, NULL, NULL),
(3998, 802629, NULL, 28, NULL, NULL, 17, NULL, NULL),
(3999, 844792, NULL, 17, NULL, NULL, 28, NULL, NULL),
(4000, 886572, NULL, 25, NULL, NULL, 4, NULL, NULL),
(4001, 844792, NULL, 26, NULL, NULL, 12, NULL, NULL),
(4002, 742111, NULL, 32, NULL, NULL, 25, NULL, NULL),
(4003, 853914, NULL, 18, NULL, NULL, 12, NULL, NULL),
(4004, 892053, NULL, 3, NULL, NULL, 6, NULL, NULL);

-- --------------------------------------------------------

--
-- Estrutura da tabela `coordenador`
--

CREATE TABLE `coordenador` (
  `inicio` date DEFAULT NULL,
  `matricula` varchar(30) DEFAULT NULL,
  `fim` date DEFAULT NULL
) ENGINE=InnoDB DEFAULT CHARSET=latin1;

-- --------------------------------------------------------

--
-- Estrutura da tabela `pessoa`
--

CREATE TABLE `pessoa` (
  `codigo` int(11) NOT NULL,
  `nome` varchar(150) DEFAULT NULL,
  `email` varchar(100) DEFAULT NULL,
  `telefone` varchar(25) DEFAULT NULL
) ENGINE=InnoDB DEFAULT CHARSET=latin1;

--
-- Extraindo dados da tabela `pessoa`
--

INSERT INTO `pessoa` (`codigo`, `nome`, `email`, `telefone`) VALUES
(1, 'teste', 'teste@teste', '549999999');

-- --------------------------------------------------------

--
-- Estrutura da tabela `quadro`
--

CREATE TABLE `quadro` (
  `codigo` int(11) NOT NULL,
  `descricao` varchar(200) DEFAULT NULL,
  `total_horas` float DEFAULT NULL,
  `nome` varchar(50) DEFAULT NULL
) ENGINE=InnoDB DEFAULT CHARSET=latin1;

--
-- Extraindo dados da tabela `quadro`
--

INSERT INTO `quadro` (`codigo`, `descricao`, `total_horas`, `nome`) VALUES
(1, 'Atividades Complementares em Pesquisa', 150, 'Quadro I'),
(2, 'Atividades Complementares em Extensão e Aprimoramento Profissional', 150, 'Quadro II'),
(3, 'Atividades Complementares em Ensino', 150, 'Quadro III'),
(4, 'Atividades Complementares e Culturais', 100, 'Quadro IV');

-- --------------------------------------------------------

--
-- Estrutura da tabela `usuarios`
--

CREATE TABLE `usuarios` (
  `matricula` varchar(100) NOT NULL,
  `nome` varchar(100) NOT NULL,
  `email` varchar(150) NOT NULL,
  `senha` varchar(200) NOT NULL,
  `isteacher` char(1) CHARACTER SET utf8 NOT NULL
) ENGINE=InnoDB DEFAULT CHARSET=utf8mb4;

--
-- Extraindo dados da tabela `usuarios`
--

INSERT INTO `usuarios` (`matricula`, `nome`, `email`, `senha`, `isteacher`) VALUES
('671443', 'Luiz Gustavo Silva', 'al.671443@ibiruba.ifrs.edu.br', '202cb962ac59075b964b07152d234b70', 'a'),
('694830', 'Kevin Correia', 'al.694830@ibiruba.ifrs.edu.br', '202cb962ac59075b964b07152d234b70', 'a'),
('709922', 'Levi Mendes', 'al.709922@ibiruba.ifrs.edu.br', '202cb962ac59075b964b07152d234b70', 'a'),
('721563', 'Manuela da Mota', 'al.721563@ibiruba.ifrs.edu.br', '202cb962ac59075b964b07152d234b70', 'a'),
('724281', 'Henrique Campos', 'al.724281@ibiruba.ifrs.edu.br', '202cb962ac59075b964b07152d234b70', 'a'),
('739065', 'Paulo Cardoso', 'al.739065@ibiruba.ifrs.edu.br', '202cb962ac59075b964b07152d234b70', 'a'),
('742111', 'Enrico Almeida', 'al.742111@ibiruba.ifrs.edu.br', '202cb962ac59075b964b07152d234b70', 'a'),
('744714', 'Luana Duarte', 'al.744714@ibiruba.ifrs.edu.br', '202cb962ac59075b964b07152d234b70', 'a'),
('770419', 'Júlia Mendes', 'al.770419@ibiruba.ifrs.edu.br', '202cb962ac59075b964b07152d234b70', 'a'),
('774533', 'Pedro da Mota', 'al.774533@ibiruba.ifrs.edu.br', '202cb962ac59075b964b07152d234b70', 'a'),
('787030', 'Caroline Souza', 'al.787030@ibiruba.ifrs.edu.br', '202cb962ac59075b964b07152d234b70', 'a'),
('787518', 'Benício Carvalho', 'al.787518@ibiruba.ifrs.edu.br', '202cb962ac59075b964b07152d234b70', 'a'),
('788306', 'Diogo Cardoso', 'al.788306@ibiruba.ifrs.edu.br', '202cb962ac59075b964b07152d234b70', 'a'),
('799828', 'Luigi Barbosa', 'al.799828@ibiruba.ifrs.edu.br', '202cb962ac59075b964b07152d234b70', 'a'),
('800237', 'João Guilherme Araújo', 'al.800237@ibiruba.ifrs.edu.br', '202cb962ac59075b964b07152d234b70', 'a'),
('802233', 'Letícia Aragão', 'al.802233@ibiruba.ifrs.edu.br', '202cb962ac59075b964b07152d234b70', 'a'),
('802355', 'Isabelly Peixoto', 'al.802355@ibiruba.ifrs.edu.br', '202cb962ac59075b964b07152d234b70', 'a'),
('802629', 'Sra. Maria Porto', 'al.802629@ibiruba.ifrs.edu.br', '202cb962ac59075b964b07152d234b70', 'a'),
('807077', 'Yago Monteiro', 'al.807077@ibiruba.ifrs.edu.br', '202cb962ac59075b964b07152d234b70', 'a'),
('807803', 'Sra. Ana Júlia Cardoso', 'al.807803@ibiruba.ifrs.edu.br', '202cb962ac59075b964b07152d234b70', 'a'),
('817783', 'Mariana Viana', 'al.817783@ibiruba.ifrs.edu.br', '202cb962ac59075b964b07152d234b70', 'a'),
('838243', 'Carolina Porto', 'al.838243@ibiruba.ifrs.edu.br', '202cb962ac59075b964b07152d234b70', 'a'),
('844081', 'Gabriela Pires', 'al.844081@ibiruba.ifrs.edu.br', '202cb962ac59075b964b07152d234b70', 'a'),
('844792', 'Marcelo Dias', 'al.844792@ibiruba.ifrs.edu.br', '202cb962ac59075b964b07152d234b70', 'a'),
('853914', 'João Monteiro', 'al.853914@ibiruba.ifrs.edu.br', '202cb962ac59075b964b07152d234b70', 'a'),
('859742', 'Juan Oliveira', 'al.859742@ibiruba.ifrs.edu.br', '202cb962ac59075b964b07152d234b70', 'a'),
('863481', 'Pedro Lucas Rezende', 'al.863481@ibiruba.ifrs.edu.br', '202cb962ac59075b964b07152d234b70', 'a'),
('864830', 'Isabel Rodrigues', 'al.864830@ibiruba.ifrs.edu.br', '202cb962ac59075b964b07152d234b70', 'a'),
('869323', 'Fernando Viana', 'al.869323@ibiruba.ifrs.edu.br', '202cb962ac59075b964b07152d234b70', 'a'),
('877825', 'Clarice da Conceição', 'al.877825@ibiruba.ifrs.edu.br', '202cb962ac59075b964b07152d234b70', 'a'),
('879088', 'Srta. Ana Clara Nogueira', 'al.879088@ibiruba.ifrs.edu.br', '202cb962ac59075b964b07152d234b70', 'a'),
('886572', 'Leonardo Azevedo', 'al.886572@ibiruba.ifrs.edu.br', '202cb962ac59075b964b07152d234b70', 'a'),
('892053', 'Maria Julia Moura', 'al.892053@ibiruba.ifrs.edu.br', '202cb962ac59075b964b07152d234b70', 'a'),
('897475', 'Ryan Ramos', 'al.897475@ibiruba.ifrs.edu.br', '202cb962ac59075b964b07152d234b70', 'a'),
('9948', 'Alana Nascimento', 'al.469948@ibiruba.ifrs.edu.br', '202cb962ac59075b964b07152d234b70', 'a'),
('PROF1', 'teste', 'teste@hotmail.com', '202cb962ac59075b964b07152d234b70', 'p'),
('PROF123', 'BK', 'BK@hotmail.com', '202cb962ac59075b964b07152d234b70', 'p'),
('PROF1234', 'tes', 'test@hotmail.com', '202cb962ac59075b964b07152d234b70', 'p'),
('PROF2', 'TESTE', 'TESTE@TESTE.COM', '202cb962ac59075b964b07152d234b70', 'p'),
('teste', 'teste', 'teste@teste.com', '202cb962ac59075b964b07152d234b70', 'a');

--
-- Indexes for dumped tables
--

--
-- Indexes for table `atividade`
--
ALTER TABLE `atividade`
  ADD PRIMARY KEY (`codigo`),
  ADD KEY `cod_quadro` (`cod_quadro`);

--
-- Indexes for table `certificado`
--
ALTER TABLE `certificado`
  ADD PRIMARY KEY (`codigo`),
  ADD KEY `cod_pessoa` (`cod_aluno`),
  ADD KEY `cod_atividade` (`cod_atividade`);

--
-- Indexes for table `pessoa`
--
ALTER TABLE `pessoa`
  ADD PRIMARY KEY (`codigo`);

--
-- Indexes for table `quadro`
--
ALTER TABLE `quadro`
  ADD PRIMARY KEY (`codigo`);

--
-- Indexes for table `usuarios`
--
ALTER TABLE `usuarios`
  ADD PRIMARY KEY (`matricula`),
  ADD UNIQUE KEY `matricula` (`matricula`);

--
-- AUTO_INCREMENT for dumped tables
--

--
-- AUTO_INCREMENT for table `atividade`
--
ALTER TABLE `atividade`
  MODIFY `codigo` int(11) NOT NULL AUTO_INCREMENT, AUTO_INCREMENT=32;
--
-- AUTO_INCREMENT for table `certificado`
--
ALTER TABLE `certificado`
  MODIFY `codigo` int(11) NOT NULL AUTO_INCREMENT, AUTO_INCREMENT=4005;
--
-- AUTO_INCREMENT for table `pessoa`
--
ALTER TABLE `pessoa`
  MODIFY `codigo` int(11) NOT NULL AUTO_INCREMENT, AUTO_INCREMENT=2;
--
-- AUTO_INCREMENT for table `quadro`
--
ALTER TABLE `quadro`
  MODIFY `codigo` int(11) NOT NULL AUTO_INCREMENT, AUTO_INCREMENT=27;
--
-- Constraints for dumped tables
--

--
-- Limitadores para a tabela `atividade`
--
ALTER TABLE `atividade`
  ADD CONSTRAINT `atividade_ibfk_1` FOREIGN KEY (`cod_quadro`) REFERENCES `quadro` (`codigo`);

--
-- Limitadores para a tabela `certificado`
--
ALTER TABLE `certificado`
  ADD CONSTRAINT `certificado_ibfk_2` FOREIGN KEY (`cod_atividade`) REFERENCES `atividade` (`codigo`);

/*!40101 SET CHARACTER_SET_CLIENT=@OLD_CHARACTER_SET_CLIENT */;
/*!40101 SET CHARACTER_SET_RESULTS=@OLD_CHARACTER_SET_RESULTS */;
/*!40101 SET COLLATION_CONNECTION=@OLD_COLLATION_CONNECTION */;
